-- phpMyAdmin SQL Dump
-- version 5.2.0
-- https://www.phpmyadmin.net/
--
-- Host: 127.0.0.1:3306
-- Generation Time: Jan 27, 2024 at 09:40 AM
-- Server version: 8.0.31
-- PHP Version: 8.2.0

SET SQL_MODE = "NO_AUTO_VALUE_ON_ZERO";
START TRANSACTION;
SET time_zone = "+00:00";


/*!40101 SET @OLD_CHARACTER_SET_CLIENT=@@CHARACTER_SET_CLIENT */;
/*!40101 SET @OLD_CHARACTER_SET_RESULTS=@@CHARACTER_SET_RESULTS */;
/*!40101 SET @OLD_COLLATION_CONNECTION=@@COLLATION_CONNECTION */;
/*!40101 SET NAMES utf8mb3 */;

--
-- Database: `open2`
--

-- --------------------------------------------------------

--
-- Table structure for table `academic_syllabus`
--

DROP TABLE IF EXISTS `academic_syllabus`;
CREATE TABLE IF NOT EXISTS `academic_syllabus` (
  `id` int NOT NULL AUTO_INCREMENT,
  `academic_syllabus_code` longtext CHARACTER SET utf8mb3 COLLATE utf8mb3_unicode_ci NOT NULL,
  `title` longtext CHARACTER SET utf8mb3 COLLATE utf8mb3_unicode_ci NOT NULL,
  `class_id` int NOT NULL,
  `subject_id` int NOT NULL,
  `description` longtext CHARACTER SET utf8mb3 COLLATE utf8mb3_unicode_ci NOT NULL,
  `uploader_type` longtext CHARACTER SET utf8mb3 COLLATE utf8mb3_unicode_ci NOT NULL,
  `uploader_id` longtext CHARACTER SET utf8mb3 COLLATE utf8mb3_unicode_ci NOT NULL,
  `session` longtext CHARACTER SET utf8mb3 COLLATE utf8mb3_unicode_ci NOT NULL,
  `timestamp` int NOT NULL,
  `file_name` longtext CHARACTER SET utf8mb3 COLLATE utf8mb3_unicode_ci NOT NULL,
  PRIMARY KEY (`id`)
) ENGINE=MyISAM AUTO_INCREMENT=7 DEFAULT CHARSET=latin1;

--
-- Dumping data for table `academic_syllabus`
--

INSERT INTO `academic_syllabus` (`id`, `academic_syllabus_code`, `title`, `class_id`, `subject_id`, `description`, `uploader_type`, `uploader_id`, `session`, `timestamp`, `file_name`) VALUES
(4, 'c92aa3b', 'swegft', 2, 4, 'sdfgvhgj', 'admin', '1', '2019-2020', 1701157021, 'index.html'),
(5, 'ad5997a', 'esrdthyuj', 2, 4, 'wedtghyui', 'admin', '1', '2019-2020', 1702487540, 'customer-support.png');

-- --------------------------------------------------------

--
-- Table structure for table `activity`
--

DROP TABLE IF EXISTS `activity`;
CREATE TABLE IF NOT EXISTS `activity` (
  `activity_id` int NOT NULL AUTO_INCREMENT,
  `name` longtext CHARACTER SET utf8mb3 COLLATE utf8mb3_unicode_ci NOT NULL,
  `colour` longtext CHARACTER SET utf8mb3 COLLATE utf8mb3_unicode_ci NOT NULL,
  `icon` longtext CHARACTER SET utf8mb3 COLLATE utf8mb3_unicode_ci NOT NULL,
  `club_id` int NOT NULL,
  `description` longtext CHARACTER SET utf8mb3 COLLATE utf8mb3_unicode_ci NOT NULL,
  `date` longtext CHARACTER SET utf8mb3 COLLATE utf8mb3_unicode_ci NOT NULL,
  PRIMARY KEY (`activity_id`)
) ENGINE=MyISAM AUTO_INCREMENT=2 DEFAULT CHARSET=latin1;

-- --------------------------------------------------------

--
-- Table structure for table `admin`
--

DROP TABLE IF EXISTS `admin`;
CREATE TABLE IF NOT EXISTS `admin` (
  `admin_id` int NOT NULL AUTO_INCREMENT,
  `name` longtext CHARACTER SET utf8mb3 COLLATE utf8mb3_unicode_ci NOT NULL,
  `email` longtext CHARACTER SET utf8mb3 COLLATE utf8mb3_unicode_ci NOT NULL,
  `phone` longtext CHARACTER SET utf8mb3 COLLATE utf8mb3_unicode_ci NOT NULL,
  `password` longtext CHARACTER SET utf8mb3 COLLATE utf8mb3_unicode_ci NOT NULL,
  `userfile` varchar(255) CHARACTER SET utf8mb3 COLLATE utf8mb3_unicode_ci NOT NULL,
  `level` longtext CHARACTER SET utf8mb3 COLLATE utf8mb3_unicode_ci NOT NULL,
  `login_status` longtext CHARACTER SET utf8mb3 COLLATE utf8mb3_unicode_ci NOT NULL,
  PRIMARY KEY (`admin_id`)
) ENGINE=InnoDB AUTO_INCREMENT=18 DEFAULT CHARSET=utf8mb3 COLLATE=utf8mb3_unicode_ci;

--
-- Dumping data for table `admin`
--

INSERT INTO `admin` (`admin_id`, `name`, `email`, `phone`, `password`, `userfile`, `level`, `login_status`) VALUES
(1, 'Administrator', 'admin@admin.com', '07133445656', 'f865b53623b121fd34ee5426c792e5c33af8c227', 'passport-photo.jpeg', '1', '0'),
(16, 'ankita', 'ankita@gmail.com', '9890987678', 'da54e6c92368d10baaca171faf8dad325c3542d3', '', '2', '0'),
(17, 'sudipa', 'sudipa@gmail.com', '8765432123', '42e6ea9c6e89fbac7d5fe72df4fbeabde334da9c', '', '2', '1');

-- --------------------------------------------------------

--
-- Table structure for table `admin_role`
--

DROP TABLE IF EXISTS `admin_role`;
CREATE TABLE IF NOT EXISTS `admin_role` (
  `admin_role_id` int NOT NULL AUTO_INCREMENT,
  `admin_id` int NOT NULL,
  `dashboard` int NOT NULL,
  `manage_academics` int NOT NULL,
  `manage_employee` int NOT NULL,
  `manage_meeting` int NOT NULL,
  `manage_recorded_lecture` int NOT NULL,
  `manage_student` int NOT NULL,
  `manage_attendance` int NOT NULL,
  `download_page` int NOT NULL,
  `manage_parent` int NOT NULL,
  `manage_alumni` int NOT NULL,
  `manage_quiz` int NOT NULL,
  PRIMARY KEY (`admin_role_id`)
) ENGINE=MyISAM AUTO_INCREMENT=14 DEFAULT CHARSET=latin1;

--
-- Dumping data for table `admin_role`
--

INSERT INTO `admin_role` (`admin_role_id`, `admin_id`, `dashboard`, `manage_academics`, `manage_employee`, `manage_meeting`, `manage_recorded_lecture`, `manage_student`, `manage_attendance`, `download_page`, `manage_parent`, `manage_alumni`, `manage_quiz`) VALUES
(4, 1, 1, 1, 1, 1, 1, 1, 1, 1, 1, 1, 1),
(7, 9, 1, 1, 1, 0, 0, 1, 1, 0, 0, 0, 0),
(8, 1, 1, 1, 1, 1, 0, 1, 1, 1, 1, 1, 1),
(9, 10, 1, 1, 1, 0, 0, 1, 1, 1, 1, 1, 0),
(10, 11, 1, 1, 0, 0, 0, 0, 0, 0, 0, 0, 0),
(11, 15, 0, 0, 0, 0, 0, 0, 0, 0, 0, 0, 0),
(12, 16, 1, 0, 0, 0, 0, 0, 0, 0, 0, 0, 0),
(13, 17, 0, 0, 0, 0, 0, 0, 0, 0, 0, 0, 1);

-- --------------------------------------------------------

--
-- Table structure for table `announcement`
--

DROP TABLE IF EXISTS `announcement`;
CREATE TABLE IF NOT EXISTS `announcement` (
  `id` int NOT NULL AUTO_INCREMENT,
  `title` varchar(255) NOT NULL,
  `announcement_img` varchar(255) NOT NULL,
  `created_date` datetime NOT NULL DEFAULT CURRENT_TIMESTAMP,
  PRIMARY KEY (`id`)
) ENGINE=InnoDB AUTO_INCREMENT=9 DEFAULT CHARSET=utf8mb3 COLLATE=utf8mb3_unicode_ci;

--
-- Dumping data for table `announcement`
--

INSERT INTO `announcement` (`id`, `title`, `announcement_img`, `created_date`) VALUES
(8, 'JEET/NEET Test Series', '1702101097815841.jpg', '2024-01-16 14:06:34');

-- --------------------------------------------------------

--
-- Table structure for table `assignment`
--

DROP TABLE IF EXISTS `assignment`;
CREATE TABLE IF NOT EXISTS `assignment` (
  `assignment_id` int NOT NULL AUTO_INCREMENT,
  `name` longtext CHARACTER SET utf8mb3 COLLATE utf8mb3_unicode_ci NOT NULL,
  `subject_id` int NOT NULL,
  `class_id` int NOT NULL,
  `teacher_id` int NOT NULL,
  `description` longtext CHARACTER SET utf8mb3 COLLATE utf8mb3_unicode_ci NOT NULL,
  `file_name` longtext CHARACTER SET utf8mb3 COLLATE utf8mb3_unicode_ci NOT NULL,
  `file_type` longtext CHARACTER SET utf8mb3 COLLATE utf8mb3_unicode_ci NOT NULL,
  `timestamp` longtext CHARACTER SET utf8mb3 COLLATE utf8mb3_unicode_ci NOT NULL,
  PRIMARY KEY (`assignment_id`)
) ENGINE=MyISAM AUTO_INCREMENT=5 DEFAULT CHARSET=latin1;

--
-- Dumping data for table `assignment`
--

INSERT INTO `assignment` (`assignment_id`, `name`, `subject_id`, `class_id`, `teacher_id`, `description`, `file_name`, `file_type`, `timestamp`) VALUES
(1, 'Assignment for Nursery One', 4, 2, 1, 'DESC', 'invoice.docx', 'pdf', '2018-08-19');

-- --------------------------------------------------------

--
-- Table structure for table `attendance`
--

DROP TABLE IF EXISTS `attendance`;
CREATE TABLE IF NOT EXISTS `attendance` (
  `attendance_id` int NOT NULL AUTO_INCREMENT,
  `status` int NOT NULL COMMENT '0 undefined , 1 present , 2  absent, 3 holiday, 4 half day, 5 late',
  `student_id` int NOT NULL,
  `date` date NOT NULL,
  `session` longtext CHARACTER SET utf8mb3 COLLATE utf8mb3_unicode_ci NOT NULL,
  PRIMARY KEY (`attendance_id`)
) ENGINE=InnoDB AUTO_INCREMENT=45 DEFAULT CHARSET=latin1;

--
-- Dumping data for table `attendance`
--

INSERT INTO `attendance` (`attendance_id`, `status`, `student_id`, `date`, `session`) VALUES
(39, 1, 45, '2019-12-20', ''),
(40, 1, 45, '2019-12-22', ''),
(41, 1, 45, '2021-12-02', ''),
(42, 2, 45, '2021-12-03', ''),
(43, 4, 45, '2023-11-28', ''),
(44, 0, 45, '2024-01-12', '');

-- --------------------------------------------------------

--
-- Table structure for table `bank`
--

DROP TABLE IF EXISTS `bank`;
CREATE TABLE IF NOT EXISTS `bank` (
  `bank_id` int NOT NULL AUTO_INCREMENT,
  `account_holder_name` longtext CHARACTER SET utf8mb3 COLLATE utf8mb3_unicode_ci NOT NULL,
  `account_number` longtext CHARACTER SET utf8mb3 COLLATE utf8mb3_unicode_ci NOT NULL,
  `bank_name` longtext CHARACTER SET utf8mb3 COLLATE utf8mb3_unicode_ci NOT NULL,
  `branch` longtext CHARACTER SET utf8mb3 COLLATE utf8mb3_unicode_ci NOT NULL,
  PRIMARY KEY (`bank_id`)
) ENGINE=MyISAM AUTO_INCREMENT=7 DEFAULT CHARSET=latin1;

--
-- Dumping data for table `bank`
--

INSERT INTO `bank` (`bank_id`, `account_holder_name`, `account_number`, `bank_name`, `branch`) VALUES
(2, 'Udemy Instructor', '1234567', 'Payoneer or paypal', 'USA'),
(3, 'Udemy Instructor', '1234567', 'Payoneer or paypal', 'USA'),
(4, 'Udemy Instructor', '1234567', 'Payoneer or paypal', 'USA'),
(5, 'ANKITA', '88765443212345', 'BOI', 'Reshimbag'),
(6, 'ASDFGH', 'SDFGH', 'SDXFCG', 'XDFDGH');

-- --------------------------------------------------------

--
-- Table structure for table `book`
--

DROP TABLE IF EXISTS `book`;
CREATE TABLE IF NOT EXISTS `book` (
  `book_id` int NOT NULL AUTO_INCREMENT,
  `name` longtext CHARACTER SET utf8mb3 COLLATE utf8mb3_unicode_ci NOT NULL,
  `description` longtext CHARACTER SET utf8mb3 COLLATE utf8mb3_unicode_ci NOT NULL,
  `author_id` int NOT NULL,
  `publisher_id` int NOT NULL,
  `book_category_id` int NOT NULL,
  `isbn` longtext CHARACTER SET utf8mb3 COLLATE utf8mb3_unicode_ci NOT NULL,
  `edition` longtext CHARACTER SET utf8mb3 COLLATE utf8mb3_unicode_ci NOT NULL,
  `subject_id` int NOT NULL,
  `quantity` longtext CHARACTER SET utf8mb3 COLLATE utf8mb3_unicode_ci NOT NULL,
  `timestamp` int NOT NULL,
  `class_id` int NOT NULL,
  `status` varchar(255) CHARACTER SET utf8mb3 COLLATE utf8mb3_unicode_ci NOT NULL,
  `price` varchar(255) CHARACTER SET utf8mb3 COLLATE utf8mb3_unicode_ci NOT NULL,
  PRIMARY KEY (`book_id`)
) ENGINE=MyISAM AUTO_INCREMENT=5 DEFAULT CHARSET=latin1;

--
-- Dumping data for table `book`
--

INSERT INTO `book` (`book_id`, `name`, `description`, `author_id`, `publisher_id`, `book_category_id`, `isbn`, `edition`, `subject_id`, `quantity`, `timestamp`, `class_id`, `status`, `price`) VALUES
(1, 'Advance Java.', 'This is the newly released book by Sheg', 2, 1, 2, 'DS34FD', '1st', 0, '1', 1576951200, 2, '1', '200'),
(2, 'Python', 'Python', 2, 1, 2, 'DS34FD', '1st', 4, '2', 1574186400, 2, '2', '500');

-- --------------------------------------------------------

--
-- Table structure for table `book_category`
--

DROP TABLE IF EXISTS `book_category`;
CREATE TABLE IF NOT EXISTS `book_category` (
  `book_category_id` int NOT NULL AUTO_INCREMENT,
  `name` longtext CHARACTER SET utf8mb3 COLLATE utf8mb3_unicode_ci NOT NULL,
  `description` longtext CHARACTER SET utf8mb3 COLLATE utf8mb3_unicode_ci NOT NULL,
  PRIMARY KEY (`book_category_id`)
) ENGINE=MyISAM AUTO_INCREMENT=3 DEFAULT CHARSET=latin1;

--
-- Dumping data for table `book_category`
--

INSERT INTO `book_category` (`book_category_id`, `name`, `description`) VALUES
(2, 'Non fictional.', 'This is another non-fictional book');

-- --------------------------------------------------------

--
-- Table structure for table `circular`
--

DROP TABLE IF EXISTS `circular`;
CREATE TABLE IF NOT EXISTS `circular` (
  `circular_id` int NOT NULL AUTO_INCREMENT,
  `title` longtext CHARACTER SET utf8mb3 COLLATE utf8mb3_unicode_ci NOT NULL,
  `reference` longtext CHARACTER SET utf8mb3 COLLATE utf8mb3_unicode_ci NOT NULL,
  `content` longtext CHARACTER SET utf8mb3 COLLATE utf8mb3_unicode_ci NOT NULL,
  `date` longtext CHARACTER SET utf8mb3 COLLATE utf8mb3_unicode_ci NOT NULL,
  PRIMARY KEY (`circular_id`)
) ENGINE=MyISAM AUTO_INCREMENT=4 DEFAULT CHARSET=latin1;

--
-- Dumping data for table `circular`
--

INSERT INTO `circular` (`circular_id`, `title`, `reference`, `content`, `date`) VALUES
(2, 'Meeting for all the members of the school', 'DF46SFGH', 'This is for all the teaching staff. Ensure you are all present.', '2018-08-24');

-- --------------------------------------------------------

--
-- Table structure for table `ci_sessions`
--

DROP TABLE IF EXISTS `ci_sessions`;
CREATE TABLE IF NOT EXISTS `ci_sessions` (
  `id` varchar(40) CHARACTER SET utf8mb3 COLLATE utf8mb3_unicode_ci NOT NULL,
  `ip_address` varchar(45) CHARACTER SET utf8mb3 COLLATE utf8mb3_unicode_ci NOT NULL,
  `timestamp` int UNSIGNED NOT NULL DEFAULT '0',
  `data` blob NOT NULL,
  PRIMARY KEY (`id`),
  KEY `ci_sessions_timestamp` (`timestamp`)
) ENGINE=InnoDB DEFAULT CHARSET=utf8mb3 COLLATE=utf8mb3_unicode_ci;

--
-- Dumping data for table `ci_sessions`
--

INSERT INTO `ci_sessions` (`id`, `ip_address`, `timestamp`, `data`) VALUES
('07d1ihrdnkv6sf7219m70ig269vn7f1q', '::1', 1706342319, 0x5f5f63695f6c6173745f726567656e65726174657c693a313730363334323331393b6572726f725f6d6573736167657c733a32333a2257726f6e6720456d61696c204f722050617373776f7264223b5f5f63695f766172737c613a323a7b733a31333a226572726f725f6d657373616765223b733a333a226f6c64223b733a31333a22666c6173685f6d657373616765223b733a333a226f6c64223b7d6c6f67696e5f747970657c733a353a2261646d696e223b61646d696e5f6c6f67696e7c733a313a2231223b61646d696e5f69647c733a313a2231223b6c6f67696e5f757365725f69647c733a313a2231223b6e616d657c733a31333a2241646d696e6973747261746f72223b666c6173685f6d6573736167657c733a31383a225375636365737366756c6c79204c6f67696e223b),
('1dj3j571vhqsel13k4bhi6st03tfatkr', '::1', 1705665149, 0x5f5f63695f6c6173745f726567656e65726174657c693a313730353636353134393b6c6f67696e5f747970657c733a353a2261646d696e223b61646d696e5f6c6f67696e7c733a313a2231223b61646d696e5f69647c733a313a2231223b6c6f67696e5f757365725f69647c733a313a2231223b6e616d657c733a31333a2241646d696e6973747261746f72223b666c6173685f6d6573736167657c733a31383a225375636365737366756c6c79204c6f67696e223b5f5f63695f766172737c613a313a7b733a31333a22666c6173685f6d657373616765223b733a333a226f6c64223b7d),
('242totu334oattchoskihasf0ea813n7', '::1', 1706186943, 0x5f5f63695f6c6173745f726567656e65726174657c693a313730363138363934333b6c6f67696e5f747970657c733a353a2261646d696e223b61646d696e5f6c6f67696e7c733a313a2231223b61646d696e5f69647c733a313a2231223b6c6f67696e5f757365725f69647c733a313a2231223b6e616d657c733a31333a2241646d696e6973747261746f72223b666c6173685f6d6573736167657c733a31383a225375636365737366756c6c79204c6f67696e223b5f5f63695f766172737c613a313a7b733a31333a22666c6173685f6d657373616765223b733a333a226f6c64223b7d),
('2d09itojoen0qdmlhvaud8c5gqo4bkuu', '::1', 1706338591, 0x5f5f63695f6c6173745f726567656e65726174657c693a313730363333383539313b6c6f67696e5f747970657c733a353a2261646d696e223b61646d696e5f6c6f67696e7c733a313a2231223b61646d696e5f69647c733a313a2231223b6c6f67696e5f757365725f69647c733a313a2231223b6e616d657c733a31333a2241646d696e6973747261746f72223b666c6173685f6d6573736167657c733a31383a225375636365737366756c6c79204c6f67696e223b5f5f63695f766172737c613a313a7b733a31333a22666c6173685f6d657373616765223b733a333a226f6c64223b7d),
('2iuiqer4muv82mbodd6polmd7pbgh7nt', '::1', 1705668743, 0x5f5f63695f6c6173745f726567656e65726174657c693a313730353636383734333b6572726f725f6d6573736167657c733a32333a2257726f6e6720456d61696c204f722050617373776f7264223b5f5f63695f766172737c613a323a7b733a31333a226572726f725f6d657373616765223b733a333a226f6c64223b733a31333a22666c6173685f6d657373616765223b733a333a226f6c64223b7d6c6f67696e5f747970657c733a373a2273747564656e74223b73747564656e745f6c6f67696e7c733a313a2231223b73747564656e745f69647c733a323a223435223b6c6f67696e5f757365725f69647c733a323a223435223b6e616d657c733a31353a2254657374696e672053747564656e74223b666c6173685f6d6573736167657c733a31383a225375636365737366756c6c79204c6f67696e223b),
('2kfj4tf697st702shumcvvnsndpfle52', '::1', 1706191835, 0x5f5f63695f6c6173745f726567656e65726174657c693a313730363139313534393b6c6f67696e5f747970657c733a353a2261646d696e223b61646d696e5f6c6f67696e7c733a313a2231223b61646d696e5f69647c733a313a2231223b6c6f67696e5f757365725f69647c733a313a2231223b6e616d657c733a31333a2241646d696e6973747261746f72223b666c6173685f6d6573736167657c733a31383a225375636365737366756c6c79204c6f67696e223b5f5f63695f766172737c613a313a7b733a31333a22666c6173685f6d657373616765223b733a333a226f6c64223b7d),
('2ou3jsmsqriqqp8uq9l716469gjseibr', '::1', 1706177677, 0x5f5f63695f6c6173745f726567656e65726174657c693a313730363137373637373b6572726f725f6d6573736167657c733a32333a2257726f6e6720456d61696c204f722050617373776f7264223b5f5f63695f766172737c613a323a7b733a31333a226572726f725f6d657373616765223b733a333a226f6c64223b733a31333a22666c6173685f6d657373616765223b733a333a226f6c64223b7d6c6f67696e5f747970657c733a353a2261646d696e223b61646d696e5f6c6f67696e7c733a313a2231223b61646d696e5f69647c733a313a2231223b6c6f67696e5f757365725f69647c733a313a2231223b6e616d657c733a31333a2241646d696e6973747261746f72223b666c6173685f6d6573736167657c733a31383a225375636365737366756c6c79204c6f67696e223b),
('30kd2gcej34s9qkk8n7lhus0kfgdiom3', '::1', 1705664811, 0x5f5f63695f6c6173745f726567656e65726174657c693a313730353636343831313b6c6f67696e5f747970657c733a353a2261646d696e223b61646d696e5f6c6f67696e7c733a313a2231223b61646d696e5f69647c733a313a2231223b6c6f67696e5f757365725f69647c733a313a2231223b6e616d657c733a31333a2241646d696e6973747261746f72223b666c6173685f6d6573736167657c733a31383a225375636365737366756c6c79204c6f67696e223b5f5f63695f766172737c613a313a7b733a31333a22666c6173685f6d657373616765223b733a333a226f6c64223b7d),
('38v7mjrt2ffmrbqrvitd4jur1q26sr1g', '::1', 1705669445, 0x5f5f63695f6c6173745f726567656e65726174657c693a313730353636393434353b),
('3rgp0poha4p5tf1c4t9qt78p6tic5o86', '::1', 1706188402, 0x5f5f63695f6c6173745f726567656e65726174657c693a313730363138383430323b6c6f67696e5f747970657c733a353a2261646d696e223b61646d696e5f6c6f67696e7c733a313a2231223b61646d696e5f69647c733a313a2231223b6c6f67696e5f757365725f69647c733a313a2231223b6e616d657c733a31333a2241646d696e6973747261746f72223b666c6173685f6d6573736167657c733a31383a225375636365737366756c6c79204c6f67696e223b5f5f63695f766172737c613a313a7b733a31333a22666c6173685f6d657373616765223b733a333a226f6c64223b7d),
('4fn2phf9p7shoodt0lvhp6c8udm0lhp4', '::1', 1706340420, 0x5f5f63695f6c6173745f726567656e65726174657c693a313730363334303432303b6c6f67696e5f747970657c733a353a2261646d696e223b61646d696e5f6c6f67696e7c733a313a2231223b61646d696e5f69647c733a313a2231223b6c6f67696e5f757365725f69647c733a313a2231223b6e616d657c733a31333a2241646d696e6973747261746f72223b666c6173685f6d6573736167657c733a31383a225375636365737366756c6c79204c6f67696e223b5f5f63695f766172737c613a313a7b733a31333a22666c6173685f6d657373616765223b733a333a226f6c64223b7d),
('4mo88vck1jfvjiofqo9ba0orq0gbch49', '::1', 1706191135, 0x5f5f63695f6c6173745f726567656e65726174657c693a313730363139313133353b6c6f67696e5f747970657c733a353a2261646d696e223b61646d696e5f6c6f67696e7c733a313a2231223b61646d696e5f69647c733a313a2231223b6c6f67696e5f757365725f69647c733a313a2231223b6e616d657c733a31333a2241646d696e6973747261746f72223b666c6173685f6d6573736167657c733a31383a225375636365737366756c6c79204c6f67696e223b5f5f63695f766172737c613a313a7b733a31333a22666c6173685f6d657373616765223b733a333a226f6c64223b7d),
('4uuqrf765lq9hgbkkbhjgpjv1v8r2gdj', '::1', 1706341218, 0x5f5f63695f6c6173745f726567656e65726174657c693a313730363334313231383b6c6f67696e5f747970657c733a353a2261646d696e223b61646d696e5f6c6f67696e7c733a313a2231223b61646d696e5f69647c733a313a2231223b6c6f67696e5f757365725f69647c733a313a2231223b6e616d657c733a31333a2241646d696e6973747261746f72223b666c6173685f6d6573736167657c733a31383a225375636365737366756c6c79204c6f67696e223b5f5f63695f766172737c613a313a7b733a31333a22666c6173685f6d657373616765223b733a333a226f6c64223b7d),
('5ajk0vi2i5485e102f3p7ris7uchpone', '::1', 1705662731, 0x5f5f63695f6c6173745f726567656e65726174657c693a313730353636323730353b6c6f67696e5f747970657c733a353a2261646d696e223b61646d696e5f6c6f67696e7c733a313a2231223b61646d696e5f69647c733a313a2231223b6c6f67696e5f757365725f69647c733a313a2231223b6e616d657c733a31333a2241646d696e6973747261746f72223b666c6173685f6d6573736167657c733a31383a225375636365737366756c6c79204c6f67696e223b5f5f63695f766172737c613a313a7b733a31333a22666c6173685f6d657373616765223b733a333a226f6c64223b7d),
('5t9n383cod62vmrb2p6057f5g3e6d8ih', '::1', 1705664500, 0x5f5f63695f6c6173745f726567656e65726174657c693a313730353636343530303b6c6f67696e5f747970657c733a353a2261646d696e223b61646d696e5f6c6f67696e7c733a313a2231223b61646d696e5f69647c733a313a2231223b6c6f67696e5f757365725f69647c733a313a2231223b6e616d657c733a31333a2241646d696e6973747261746f72223b666c6173685f6d6573736167657c733a31383a225375636365737366756c6c79204c6f67696e223b5f5f63695f766172737c613a313a7b733a31333a22666c6173685f6d657373616765223b733a333a226f6c64223b7d),
('6r5a8psorpdj6koemtb1j69n5vb9ufrc', '::1', 1705668022, 0x5f5f63695f6c6173745f726567656e65726174657c693a313730353636383032323b6c6f67696e5f747970657c733a353a2261646d696e223b61646d696e5f6c6f67696e7c733a313a2231223b61646d696e5f69647c733a313a2231223b6c6f67696e5f757365725f69647c733a313a2231223b6e616d657c733a31333a2241646d696e6973747261746f72223b666c6173685f6d6573736167657c733a31383a225375636365737366756c6c79204c6f67696e223b5f5f63695f766172737c613a313a7b733a31333a22666c6173685f6d657373616765223b733a333a226f6c64223b7d),
('7mgk6rq6s28m1nt5cq3va2u813hbguav', '::1', 1706344796, 0x5f5f63695f6c6173745f726567656e65726174657c693a313730363334343739363b6c6f67696e5f747970657c733a353a2261646d696e223b61646d696e5f6c6f67696e7c733a313a2231223b61646d696e5f69647c733a313a2231223b6c6f67696e5f757365725f69647c733a313a2231223b6e616d657c733a31333a2241646d696e6973747261746f72223b666c6173685f6d6573736167657c733a31383a225375636365737366756c6c79204c6f67696e223b5f5f63695f766172737c613a313a7b733a31333a22666c6173685f6d657373616765223b733a333a226f6c64223b7d),
('7pthi042pl0r3j5re4a7uh2gkqhd7g6o', '::1', 1705665457, 0x5f5f63695f6c6173745f726567656e65726174657c693a313730353636353435373b6c6f67696e5f747970657c733a353a2261646d696e223b61646d696e5f6c6f67696e7c733a313a2231223b61646d696e5f69647c733a313a2231223b6c6f67696e5f757365725f69647c733a313a2231223b6e616d657c733a31333a2241646d696e6973747261746f72223b666c6173685f6d6573736167657c733a31383a225375636365737366756c6c79204c6f67696e223b5f5f63695f766172737c613a313a7b733a31333a22666c6173685f6d657373616765223b733a333a226f6c64223b7d),
('7qih10ihltclk0pa549h0u4acfqe76lp', '::1', 1705669062, 0x5f5f63695f6c6173745f726567656e65726174657c693a313730353636393036323b6572726f725f6d6573736167657c733a32333a2257726f6e6720456d61696c204f722050617373776f7264223b5f5f63695f766172737c613a323a7b733a31333a226572726f725f6d657373616765223b733a333a226f6c64223b733a31333a22666c6173685f6d657373616765223b733a333a226f6c64223b7d6c6f67696e5f747970657c733a373a2273747564656e74223b73747564656e745f6c6f67696e7c733a313a2231223b73747564656e745f69647c733a323a223435223b6c6f67696e5f757365725f69647c733a323a223435223b6e616d657c733a31353a2254657374696e672053747564656e74223b666c6173685f6d6573736167657c733a31383a225375636365737366756c6c79204c6f67696e223b),
('9od81ud8f4k8fn199h755b7kd4m6r6jj', '::1', 1706345287, 0x5f5f63695f6c6173745f726567656e65726174657c693a313730363334353230343b6c6f67696e5f747970657c733a373a2273747564656e74223b73747564656e745f6c6f67696e7c733a313a2231223b73747564656e745f69647c733a323a223435223b6c6f67696e5f757365725f69647c733a323a223435223b6e616d657c733a31353a2254657374696e672053747564656e74223b666c6173685f6d6573736167657c733a31383a225375636365737366756c6c79204c6f67696e223b5f5f63695f766172737c613a313a7b733a31333a22666c6173685f6d657373616765223b733a333a226f6c64223b7d),
('9tctk9es72k92njhh06hohie5dn0bbml', '::1', 1706340883, 0x5f5f63695f6c6173745f726567656e65726174657c693a313730363334303838333b6c6f67696e5f747970657c733a353a2261646d696e223b61646d696e5f6c6f67696e7c733a313a2231223b61646d696e5f69647c733a313a2231223b6c6f67696e5f757365725f69647c733a313a2231223b6e616d657c733a31333a2241646d696e6973747261746f72223b666c6173685f6d6573736167657c733a31383a225375636365737366756c6c79204c6f67696e223b5f5f63695f766172737c613a313a7b733a31333a22666c6173685f6d657373616765223b733a333a226f6c64223b7d),
('a7h7jh6dnaj4i5dd7bb2dskaocveoc15', '::1', 1705992623, 0x5f5f63695f6c6173745f726567656e65726174657c693a313730353939323632303b6572726f725f6d6573736167657c733a32333a2257726f6e6720456d61696c204f722050617373776f7264223b5f5f63695f766172737c613a313a7b733a31333a226572726f725f6d657373616765223b733a333a226f6c64223b7d),
('a883i91hql7dghp1rqmpuonh28lmqm0i', '::1', 1705668116, 0x5f5f63695f6c6173745f726567656e65726174657c693a313730353636383032323b6c6f67696e5f747970657c733a373a2273747564656e74223b73747564656e745f6c6f67696e7c733a313a2231223b73747564656e745f69647c733a323a223435223b6c6f67696e5f757365725f69647c733a323a223435223b6e616d657c733a31353a2254657374696e672053747564656e74223b666c6173685f6d6573736167657c733a31383a225375636365737366756c6c79204c6f67696e223b5f5f63695f766172737c613a313a7b733a31333a22666c6173685f6d657373616765223b733a333a226f6c64223b7d),
('aib150tlg6l31cc5ev0dedmss3mh2b22', '::1', 1706190806, 0x5f5f63695f6c6173745f726567656e65726174657c693a313730363139303830363b6c6f67696e5f747970657c733a353a2261646d696e223b61646d696e5f6c6f67696e7c733a313a2231223b61646d696e5f69647c733a313a2231223b6c6f67696e5f757365725f69647c733a313a2231223b6e616d657c733a31333a2241646d696e6973747261746f72223b666c6173685f6d6573736167657c733a31383a225375636365737366756c6c79204c6f67696e223b5f5f63695f766172737c613a313a7b733a31333a22666c6173685f6d657373616765223b733a333a226f6c64223b7d),
('bf2q6drd4og4lc1t6qfbs2srrspmuf5k', '::1', 1706189418, 0x5f5f63695f6c6173745f726567656e65726174657c693a313730363138393431383b6c6f67696e5f747970657c733a353a2261646d696e223b61646d696e5f6c6f67696e7c733a313a2231223b61646d696e5f69647c733a313a2231223b6c6f67696e5f757365725f69647c733a313a2231223b6e616d657c733a31333a2241646d696e6973747261746f72223b666c6173685f6d6573736167657c733a31383a225375636365737366756c6c79204c6f67696e223b5f5f63695f766172737c613a313a7b733a31333a22666c6173685f6d657373616765223b733a333a226f6c64223b7d),
('bs1qgedb7rt2r7il0m9m1i1h9phc50jt', '::1', 1706187268, 0x5f5f63695f6c6173745f726567656e65726174657c693a313730363138373236383b6c6f67696e5f747970657c733a353a2261646d696e223b61646d696e5f6c6f67696e7c733a313a2231223b61646d696e5f69647c733a313a2231223b6c6f67696e5f757365725f69647c733a313a2231223b6e616d657c733a31333a2241646d696e6973747261746f72223b666c6173685f6d6573736167657c733a31383a225375636365737366756c6c79204c6f67696e223b5f5f63695f766172737c613a313a7b733a31333a22666c6173685f6d657373616765223b733a333a226f6c64223b7d),
('cbpdt320o9n5kri5rbve0633lnr6knhs', '::1', 1705920058, 0x5f5f63695f6c6173745f726567656e65726174657c693a313730353932303033333b6572726f725f6d6573736167657c733a32333a2257726f6e6720456d61696c204f722050617373776f7264223b5f5f63695f766172737c613a313a7b733a31333a226572726f725f6d657373616765223b733a333a226f6c64223b7d),
('ce7el7ul8eut79p71sps3m1otklr5kud', '::1', 1706184231, 0x5f5f63695f6c6173745f726567656e65726174657c693a313730363138343233313b6c6f67696e5f747970657c733a353a2261646d696e223b61646d696e5f6c6f67696e7c733a313a2231223b61646d696e5f69647c733a313a2231223b6c6f67696e5f757365725f69647c733a313a2231223b6e616d657c733a31333a2241646d696e6973747261746f72223b666c6173685f6d6573736167657c733a31383a225375636365737366756c6c79204c6f67696e223b5f5f63695f766172737c613a313a7b733a31333a22666c6173685f6d657373616765223b733a333a226f6c64223b7d),
('cf9q16rnr6vg1qh5j2hkhv3c10iankkm', '::1', 1705669822, 0x5f5f63695f6c6173745f726567656e65726174657c693a313730353636393832323b),
('e2bih5p6qtoavh6vgh6uk6pgjc39ra1c', '::1', 1705670681, 0x5f5f63695f6c6173745f726567656e65726174657c693a313730353637303638313b),
('el69nea5pu9mrilp4bg1rbojhvii9al4', '::1', 1706189053, 0x5f5f63695f6c6173745f726567656e65726174657c693a313730363138393035333b6c6f67696e5f747970657c733a353a2261646d696e223b61646d696e5f6c6f67696e7c733a313a2231223b61646d696e5f69647c733a313a2231223b6c6f67696e5f757365725f69647c733a313a2231223b6e616d657c733a31333a2241646d696e6973747261746f72223b666c6173685f6d6573736167657c733a31383a225375636365737366756c6c79204c6f67696e223b5f5f63695f766172737c613a313a7b733a31333a22666c6173685f6d657373616765223b733a333a226f6c64223b7d),
('ffof6sv787d3u7gs0u46mt7mr5a27kmp', '::1', 1706191549, 0x5f5f63695f6c6173745f726567656e65726174657c693a313730363139313534393b6c6f67696e5f747970657c733a353a2261646d696e223b61646d696e5f6c6f67696e7c733a313a2231223b61646d696e5f69647c733a313a2231223b6c6f67696e5f757365725f69647c733a313a2231223b6e616d657c733a31333a2241646d696e6973747261746f72223b666c6173685f6d6573736167657c733a31383a225375636365737366756c6c79204c6f67696e223b5f5f63695f766172737c613a313a7b733a31333a22666c6173685f6d657373616765223b733a333a226f6c64223b7d),
('hf5c4ltm4mbg7vckgue39ogfjasnjchv', '::1', 1705670128, 0x5f5f63695f6c6173745f726567656e65726174657c693a313730353637303132383b),
('hfu3bhjal99g8hdhvm58rjvitdu8mkq7', '::1', 1706190332, 0x5f5f63695f6c6173745f726567656e65726174657c693a313730363139303333323b6c6f67696e5f747970657c733a353a2261646d696e223b61646d696e5f6c6f67696e7c733a313a2231223b61646d696e5f69647c733a313a2231223b6c6f67696e5f757365725f69647c733a313a2231223b6e616d657c733a31333a2241646d696e6973747261746f72223b666c6173685f6d6573736167657c733a31383a225375636365737366756c6c79204c6f67696e223b5f5f63695f766172737c613a313a7b733a31333a22666c6173685f6d657373616765223b733a333a226f6c64223b7d),
('i06r1r9vau9eln97gbomlid4d2mknl76', '::1', 1706189968, 0x5f5f63695f6c6173745f726567656e65726174657c693a313730363138393936383b6c6f67696e5f747970657c733a353a2261646d696e223b61646d696e5f6c6f67696e7c733a313a2231223b61646d696e5f69647c733a313a2231223b6c6f67696e5f757365725f69647c733a313a2231223b6e616d657c733a31333a2241646d696e6973747261746f72223b666c6173685f6d6573736167657c733a31383a225375636365737366756c6c79204c6f67696e223b5f5f63695f766172737c613a313a7b733a31333a22666c6173685f6d657373616765223b733a333a226f6c64223b7d),
('jkm3a2c1c177an6qpf7h2gcvs00k72s5', '::1', 1706183396, 0x5f5f63695f6c6173745f726567656e65726174657c693a313730363138333336333b6c6f67696e5f747970657c733a353a2261646d696e223b61646d696e5f6c6f67696e7c733a313a2231223b61646d696e5f69647c733a313a2231223b6c6f67696e5f757365725f69647c733a313a2231223b6e616d657c733a31333a2241646d696e6973747261746f72223b666c6173685f6d6573736167657c733a31383a225375636365737366756c6c79204c6f67696e223b5f5f63695f766172737c613a313a7b733a31333a22666c6173685f6d657373616765223b733a333a226f6c64223b7d),
('m6kqk9bacf41nsnjjcf5akn4onnrill6', '::1', 1706177687, 0x5f5f63695f6c6173745f726567656e65726174657c693a313730363137373637373b6572726f725f6d6573736167657c733a32333a2257726f6e6720456d61696c204f722050617373776f7264223b5f5f63695f766172737c613a323a7b733a31333a226572726f725f6d657373616765223b733a333a226f6c64223b733a31333a22666c6173685f6d657373616765223b733a333a226f6c64223b7d6c6f67696e5f747970657c733a353a2261646d696e223b61646d696e5f6c6f67696e7c733a313a2231223b61646d696e5f69647c733a313a2231223b6c6f67696e5f757365725f69647c733a313a2231223b6e616d657c733a31333a2241646d696e6973747261746f72223b666c6173685f6d6573736167657c733a31383a225375636365737366756c6c79204c6f67696e223b),
('np1j7lvufktlnbepqiah5iv9ef2d9bgn', '::1', 1706344803, 0x5f5f63695f6c6173745f726567656e65726174657c693a313730363334343739373b6c6f67696e5f747970657c733a373a2273747564656e74223b73747564656e745f6c6f67696e7c733a313a2231223b73747564656e745f69647c733a323a223435223b6c6f67696e5f757365725f69647c733a323a223435223b6e616d657c733a31353a2254657374696e672053747564656e74223b666c6173685f6d6573736167657c733a31383a225375636365737366756c6c79204c6f67696e223b5f5f63695f766172737c613a313a7b733a31333a22666c6173685f6d657373616765223b733a333a226f6c64223b7d),
('p96r935gcerl1c4ja13nd0kap1ushpdp', '::1', 1706341219, 0x5f5f63695f6c6173745f726567656e65726174657c693a313730363334313231383b6c6f67696e5f747970657c733a353a2261646d696e223b61646d696e5f6c6f67696e7c733a313a2231223b61646d696e5f69647c733a313a2231223b6c6f67696e5f757365725f69647c733a313a2231223b6e616d657c733a31333a2241646d696e6973747261746f72223b666c6173685f6d6573736167657c733a31383a225375636365737366756c6c79204c6f67696e223b5f5f63695f766172737c613a313a7b733a31333a22666c6173685f6d657373616765223b733a333a226f6c64223b7d),
('pdehu8fg2li6bd74lrq4jn3cqfd4c9ri', '::1', 1705669062, 0x5f5f63695f6c6173745f726567656e65726174657c693a313730353636393036323b6572726f725f6d6573736167657c733a32333a2257726f6e6720456d61696c204f722050617373776f7264223b5f5f63695f766172737c613a323a7b733a31333a226572726f725f6d657373616765223b733a333a226f6c64223b733a31333a22666c6173685f6d657373616765223b733a333a226f6c64223b7d6c6f67696e5f747970657c733a373a2273747564656e74223b73747564656e745f6c6f67696e7c733a313a2231223b73747564656e745f69647c733a323a223435223b6c6f67696e5f757365725f69647c733a323a223435223b6e616d657c733a31353a2254657374696e672053747564656e74223b666c6173685f6d6573736167657c733a31383a225375636365737366756c6c79204c6f67696e223b),
('pvdudd7a9cphkdpc154sm3hf13qj6r3k', '::1', 1706178014, 0x5f5f63695f6c6173745f726567656e65726174657c693a313730363137383031343b6c6f67696e5f747970657c733a353a2261646d696e223b61646d696e5f6c6f67696e7c733a313a2231223b61646d696e5f69647c733a313a2231223b6c6f67696e5f757365725f69647c733a313a2231223b6e616d657c733a31333a2241646d696e6973747261746f72223b666c6173685f6d6573736167657c733a31383a225375636365737366756c6c79204c6f67696e223b5f5f63695f766172737c613a313a7b733a31333a22666c6173685f6d657373616765223b733a333a226f6c64223b7d),
('qdo9n82s9dh4acptq3605lg0ot5goufa', '::1', 1705670968, 0x5f5f63695f6c6173745f726567656e65726174657c693a313730353637303936383b),
('r3b8lcr026t46m6tvv8u847u0bh4gspj', '::1', 1705662148, 0x5f5f63695f6c6173745f726567656e65726174657c693a313730353636323030333b6572726f725f6d6573736167657c733a32333a2257726f6e6720456d61696c204f722050617373776f7264223b5f5f63695f766172737c613a323a7b733a31333a226572726f725f6d657373616765223b733a333a226f6c64223b733a31333a22666c6173685f6d657373616765223b733a333a226f6c64223b7d6c6f67696e5f747970657c733a353a2261646d696e223b61646d696e5f6c6f67696e7c733a313a2231223b61646d696e5f69647c733a313a2231223b6c6f67696e5f757365725f69647c733a313a2231223b6e616d657c733a31333a2241646d696e6973747261746f72223b666c6173685f6d6573736167657c733a31383a225375636365737366756c6c79204c6f67696e223b),
('rdi2s5mrend5hr97bsji692k40ajt6aa', '::1', 1706187638, 0x5f5f63695f6c6173745f726567656e65726174657c693a313730363138373633383b6c6f67696e5f747970657c733a353a2261646d696e223b61646d696e5f6c6f67696e7c733a313a2231223b61646d696e5f69647c733a313a2231223b6c6f67696e5f757365725f69647c733a313a2231223b6e616d657c733a31333a2241646d696e6973747261746f72223b666c6173685f6d6573736167657c733a31383a225375636365737366756c6c79204c6f67696e223b5f5f63695f766172737c613a313a7b733a31333a22666c6173685f6d657373616765223b733a333a226f6c64223b7d),
('ro61caej1gdlg0826q7ffjqgd78btrlk', '::1', 1706183908, 0x5f5f63695f6c6173745f726567656e65726174657c693a313730363138333930383b6c6f67696e5f747970657c733a353a2261646d696e223b61646d696e5f6c6f67696e7c733a313a2231223b61646d696e5f69647c733a313a2231223b6c6f67696e5f757365725f69647c733a313a2231223b6e616d657c733a31333a2241646d696e6973747261746f72223b666c6173685f6d6573736167657c733a31383a225375636365737366756c6c79204c6f67696e223b5f5f63695f766172737c613a313a7b733a31333a22666c6173685f6d657373616765223b733a333a226f6c64223b7d),
('se1pvdpa5tfbln70cvlja9h19mp35s3f', '::1', 1706341873, 0x5f5f63695f6c6173745f726567656e65726174657c693a313730363334313837333b6572726f725f6d6573736167657c733a32333a2257726f6e6720456d61696c204f722050617373776f7264223b5f5f63695f766172737c613a323a7b733a31333a226572726f725f6d657373616765223b733a333a226f6c64223b733a31333a22666c6173685f6d657373616765223b733a333a226f6c64223b7d6c6f67696e5f747970657c733a353a2261646d696e223b61646d696e5f6c6f67696e7c733a313a2231223b61646d696e5f69647c733a313a2231223b6c6f67696e5f757365725f69647c733a313a2231223b6e616d657c733a31333a2241646d696e6973747261746f72223b666c6173685f6d6573736167657c733a31383a225375636365737366756c6c79204c6f67696e223b),
('t1su2ggd3n96adhsfons3g8j3k7q8puh', '::1', 1705662705, 0x5f5f63695f6c6173745f726567656e65726174657c693a313730353636323730353b),
('tkrk8p00615opg8rt6l2hhqcc1ev601j', '::1', 1706183359, 0x5f5f63695f6c6173745f726567656e65726174657c693a313730363138333235353b6572726f725f6d6573736167657c733a32333a2257726f6e6720456d61696c204f722050617373776f7264223b5f5f63695f766172737c613a323a7b733a31333a226572726f725f6d657373616765223b733a333a226f6c64223b733a31333a22666c6173685f6d657373616765223b733a333a226f6c64223b7d6c6f67696e5f747970657c733a353a2261646d696e223b61646d696e5f6c6f67696e7c733a313a2231223b61646d696e5f69647c733a313a2231223b6c6f67696e5f757365725f69647c733a313a2231223b6e616d657c733a31333a2241646d696e6973747261746f72223b666c6173685f6d6573736167657c733a31383a225375636365737366756c6c79204c6f67696e223b),
('v4jvbp16v59k6s5vadd1bc930am7d1d9', '::1', 1706178068, 0x5f5f63695f6c6173745f726567656e65726174657c693a313730363137383031343b6c6f67696e5f747970657c733a353a2261646d696e223b61646d696e5f6c6f67696e7c733a313a2231223b61646d696e5f69647c733a313a2231223b6c6f67696e5f757365725f69647c733a313a2231223b6e616d657c733a31333a2241646d696e6973747261746f72223b666c6173685f6d6573736167657c733a31383a225375636365737366756c6c79204c6f67696e223b5f5f63695f766172737c613a313a7b733a31333a22666c6173685f6d657373616765223b733a333a226f6c64223b7d);

-- --------------------------------------------------------

--
-- Table structure for table `class`
--

DROP TABLE IF EXISTS `class`;
CREATE TABLE IF NOT EXISTS `class` (
  `class_id` int NOT NULL AUTO_INCREMENT,
  `name` longtext CHARACTER SET utf8mb3 COLLATE utf8mb3_unicode_ci NOT NULL,
  `name_numeric` longtext CHARACTER SET utf8mb3 COLLATE utf8mb3_unicode_ci NOT NULL,
  `teacher_id` int NOT NULL,
  PRIMARY KEY (`class_id`)
) ENGINE=MyISAM AUTO_INCREMENT=4 DEFAULT CHARSET=latin1;

--
-- Dumping data for table `class`
--

INSERT INTO `class` (`class_id`, `name`, `name_numeric`, `teacher_id`) VALUES
(2, 'Nursery One', 'Nursery 1', 1),
(3, 'class 1', 'class 1', 1);

-- --------------------------------------------------------

--
-- Table structure for table `classroom`
--

DROP TABLE IF EXISTS `classroom`;
CREATE TABLE IF NOT EXISTS `classroom` (
  `id` int NOT NULL AUTO_INCREMENT,
  `classroom` varchar(255) NOT NULL,
  `subclass` varchar(255) NOT NULL,
  `date` varchar(255) NOT NULL,
  `document` varchar(255) NOT NULL,
  `created_date` datetime NOT NULL,
  PRIMARY KEY (`id`)
) ENGINE=InnoDB AUTO_INCREMENT=3 DEFAULT CHARSET=utf8mb3 COLLATE=utf8mb3_unicode_ci;

-- --------------------------------------------------------

--
-- Table structure for table `club`
--

DROP TABLE IF EXISTS `club`;
CREATE TABLE IF NOT EXISTS `club` (
  `club_id` int NOT NULL AUTO_INCREMENT,
  `club_name` longtext CHARACTER SET utf8mb3 COLLATE utf8mb3_unicode_ci NOT NULL,
  `desc` longtext CHARACTER SET utf8mb3 COLLATE utf8mb3_unicode_ci NOT NULL,
  `date` longtext CHARACTER SET utf8mb3 COLLATE utf8mb3_unicode_ci NOT NULL,
  PRIMARY KEY (`club_id`)
) ENGINE=MyISAM AUTO_INCREMENT=5 DEFAULT CHARSET=latin1;

--
-- Dumping data for table `club`
--

INSERT INTO `club` (`club_id`, `club_name`, `desc`, `date`) VALUES
(1, 'Jet club', 'This is for those who love science.', '2019-08-25'),
(4, 'defgt', 'dsefg', '2023-12-13');

-- --------------------------------------------------------

--
-- Table structure for table `courses`
--

DROP TABLE IF EXISTS `courses`;
CREATE TABLE IF NOT EXISTS `courses` (
  `id` int NOT NULL AUTO_INCREMENT,
  `section` varchar(255) NOT NULL,
  `title` varchar(255) NOT NULL,
  `class_id` varchar(255) NOT NULL,
  `batch` varchar(255) NOT NULL,
  `target_year` varchar(255) NOT NULL,
  `course_img` varchar(255) NOT NULL,
  `created_date` datetime NOT NULL DEFAULT CURRENT_TIMESTAMP,
  PRIMARY KEY (`id`)
) ENGINE=InnoDB AUTO_INCREMENT=6 DEFAULT CHARSET=utf8mb3 COLLATE=utf8mb3_unicode_ci;

--
-- Dumping data for table `courses`
--

INSERT INTO `courses` (`id`, `section`, `title`, `class_id`, `batch`, `target_year`, `course_img`, `created_date`) VALUES
(4, 'JEE', 'JEE Early Nurture Batch', '3', '2025-01-03', '2025', 'jee.jpg', '2024-01-03 23:09:38'),
(5, 'NEET', 'JEE Early Dropper Batch', '3', '2025-01-06', '2025', 'neet.jpg', '2024-01-03 23:10:24');

-- --------------------------------------------------------

--
-- Table structure for table `department`
--

DROP TABLE IF EXISTS `department`;
CREATE TABLE IF NOT EXISTS `department` (
  `department_id` int NOT NULL AUTO_INCREMENT,
  `name` longtext CHARACTER SET utf8mb3 COLLATE utf8mb3_unicode_ci NOT NULL,
  `department_code` longtext CHARACTER SET utf8mb3 COLLATE utf8mb3_unicode_ci NOT NULL,
  PRIMARY KEY (`department_id`)
) ENGINE=MyISAM AUTO_INCREMENT=6 DEFAULT CHARSET=latin1;

--
-- Dumping data for table `department`
--

INSERT INTO `department` (`department_id`, `name`, `department_code`) VALUES
(2, 'Bursar', 'aed7c689d676c7c'),
(5, 'science', '1ff72b9a092b75a');

-- --------------------------------------------------------

--
-- Table structure for table `designation`
--

DROP TABLE IF EXISTS `designation`;
CREATE TABLE IF NOT EXISTS `designation` (
  `designation_id` int NOT NULL AUTO_INCREMENT,
  `name` longtext CHARACTER SET utf8mb3 COLLATE utf8mb3_unicode_ci NOT NULL,
  `department_id` int NOT NULL,
  PRIMARY KEY (`designation_id`)
) ENGINE=MyISAM AUTO_INCREMENT=15 DEFAULT CHARSET=latin1;

--
-- Dumping data for table `designation`
--

INSERT INTO `designation` (`designation_id`, `name`, `department_id`) VALUES
(5, 'Tutorial', 2),
(4, 'Udemy', 2),
(6, 'Student', 2),
(14, 'adsgegg', 5);

-- --------------------------------------------------------

--
-- Table structure for table `dormitory`
--

DROP TABLE IF EXISTS `dormitory`;
CREATE TABLE IF NOT EXISTS `dormitory` (
  `dormitory_id` int NOT NULL AUTO_INCREMENT,
  `name` longtext CHARACTER SET utf8mb3 COLLATE utf8mb3_unicode_ci NOT NULL,
  `hostel_room_id` int NOT NULL,
  `hostel_category_id` int NOT NULL,
  `capacity` longtext CHARACTER SET utf8mb3 COLLATE utf8mb3_unicode_ci NOT NULL,
  `address` longtext CHARACTER SET utf8mb3 COLLATE utf8mb3_unicode_ci NOT NULL,
  `description` longtext CHARACTER SET utf8mb3 COLLATE utf8mb3_unicode_ci NOT NULL,
  PRIMARY KEY (`dormitory_id`)
) ENGINE=MyISAM AUTO_INCREMENT=3 DEFAULT CHARSET=latin1;

--
-- Dumping data for table `dormitory`
--

INSERT INTO `dormitory` (`dormitory_id`, `name`, `hostel_room_id`, `hostel_category_id`, `capacity`, `address`, `description`) VALUES
(2, 'Wiz Hostel', 2, 3, '200', 'Address for hostel location', 'Address for hostel location');

-- --------------------------------------------------------

--
-- Table structure for table `dosen`
--

DROP TABLE IF EXISTS `dosen`;
CREATE TABLE IF NOT EXISTS `dosen` (
  `id_dosen` int NOT NULL AUTO_INCREMENT,
  `nip` char(12) NOT NULL,
  `nama_dosen` varchar(50) NOT NULL,
  `email` varchar(254) NOT NULL,
  `matkul_id` int NOT NULL,
  PRIMARY KEY (`id_dosen`),
  UNIQUE KEY `email` (`email`),
  UNIQUE KEY `nip` (`nip`),
  KEY `matkul_id` (`matkul_id`)
) ENGINE=InnoDB AUTO_INCREMENT=8 DEFAULT CHARSET=latin1;

--
-- Dumping data for table `dosen`
--

INSERT INTO `dosen` (`id_dosen`, `nip`, `nama_dosen`, `email`, `matkul_id`) VALUES
(7, '62314546', 'Mark Cooper', 'mcooper@mail.com', 8);

-- --------------------------------------------------------

--
-- Table structure for table `enquiry`
--

DROP TABLE IF EXISTS `enquiry`;
CREATE TABLE IF NOT EXISTS `enquiry` (
  `enquiry_id` int NOT NULL AUTO_INCREMENT,
  `category` longtext CHARACTER SET utf8mb3 COLLATE utf8mb3_unicode_ci NOT NULL,
  `mobile` longtext CHARACTER SET utf8mb3 COLLATE utf8mb3_unicode_ci NOT NULL,
  `purpose` longtext CHARACTER SET utf8mb3 COLLATE utf8mb3_unicode_ci NOT NULL,
  `name` longtext CHARACTER SET utf8mb3 COLLATE utf8mb3_unicode_ci NOT NULL,
  `whom_to_meet` longtext CHARACTER SET utf8mb3 COLLATE utf8mb3_unicode_ci NOT NULL,
  `email` longtext CHARACTER SET utf8mb3 COLLATE utf8mb3_unicode_ci NOT NULL,
  `content` longtext CHARACTER SET utf8mb3 COLLATE utf8mb3_unicode_ci NOT NULL,
  `date` timestamp NOT NULL DEFAULT CURRENT_TIMESTAMP ON UPDATE CURRENT_TIMESTAMP,
  PRIMARY KEY (`enquiry_id`)
) ENGINE=MyISAM AUTO_INCREMENT=2 DEFAULT CHARSET=latin1;

-- --------------------------------------------------------

--
-- Table structure for table `enquiry_category`
--

DROP TABLE IF EXISTS `enquiry_category`;
CREATE TABLE IF NOT EXISTS `enquiry_category` (
  `enquiry_category_id` int NOT NULL AUTO_INCREMENT,
  `category` longtext CHARACTER SET utf8mb3 COLLATE utf8mb3_unicode_ci NOT NULL,
  `purpose` longtext CHARACTER SET utf8mb3 COLLATE utf8mb3_unicode_ci NOT NULL,
  `whom` longtext CHARACTER SET utf8mb3 COLLATE utf8mb3_unicode_ci NOT NULL,
  PRIMARY KEY (`enquiry_category_id`)
) ENGINE=MyISAM AUTO_INCREMENT=7 DEFAULT CHARSET=latin1;

--
-- Dumping data for table `enquiry_category`
--

INSERT INTO `enquiry_category` (`enquiry_category_id`, `category`, `purpose`, `whom`) VALUES
(3, 'This is for ID 3 information.', 'Payment', 'Tutorial'),
(4, 'This is Udemy Information', 'School fees information', 'Just edited now'),
(6, 'dfghj', 'deghj', 'efghju');

-- --------------------------------------------------------

--
-- Table structure for table `exam`
--

DROP TABLE IF EXISTS `exam`;
CREATE TABLE IF NOT EXISTS `exam` (
  `exam_id` int NOT NULL AUTO_INCREMENT,
  `name` longtext CHARACTER SET utf8mb3 COLLATE utf8mb3_unicode_ci NOT NULL,
  `comment` longtext CHARACTER SET utf8mb3 COLLATE utf8mb3_unicode_ci NOT NULL,
  `timestamp` longtext CHARACTER SET utf8mb3 COLLATE utf8mb3_unicode_ci NOT NULL,
  PRIMARY KEY (`exam_id`)
) ENGINE=MyISAM AUTO_INCREMENT=3 DEFAULT CHARSET=latin1;

--
-- Dumping data for table `exam`
--

INSERT INTO `exam` (`exam_id`, `name`, `comment`, `timestamp`) VALUES
(1, 'First Term Examination', 'First Term', '2019-10-30');

-- --------------------------------------------------------

--
-- Table structure for table `exam_question`
--

DROP TABLE IF EXISTS `exam_question`;
CREATE TABLE IF NOT EXISTS `exam_question` (
  `exam_question_id` int NOT NULL AUTO_INCREMENT,
  `name` longtext CHARACTER SET utf8mb3 COLLATE utf8mb3_unicode_ci NOT NULL,
  `teacher_id` longtext CHARACTER SET utf8mb3 COLLATE utf8mb3_unicode_ci NOT NULL,
  `subject_id` longtext CHARACTER SET utf8mb3 COLLATE utf8mb3_unicode_ci NOT NULL,
  `description` longtext CHARACTER SET utf8mb3 COLLATE utf8mb3_unicode_ci NOT NULL,
  `class_id` longtext CHARACTER SET utf8mb3 COLLATE utf8mb3_unicode_ci NOT NULL,
  `file_name` longtext CHARACTER SET utf8mb3 COLLATE utf8mb3_unicode_ci NOT NULL,
  `file_type` longtext CHARACTER SET utf8mb3 COLLATE utf8mb3_unicode_ci NOT NULL,
  `timestamp` longtext CHARACTER SET utf8mb3 COLLATE utf8mb3_unicode_ci NOT NULL,
  `status` longtext CHARACTER SET utf8mb3 COLLATE utf8mb3_unicode_ci NOT NULL,
  PRIMARY KEY (`exam_question_id`)
) ENGINE=MyISAM AUTO_INCREMENT=5 DEFAULT CHARSET=latin1;

--
-- Dumping data for table `exam_question`
--

INSERT INTO `exam_question` (`exam_question_id`, `name`, `teacher_id`, `subject_id`, `description`, `class_id`, `file_name`, `file_type`, `timestamp`, `status`) VALUES
(4, 'asdf', '2', '5', 'zasfdgfg', '2', 'MscracticalCertificate.pdf', 'pdf', '2024-01-04', '1');

-- --------------------------------------------------------

--
-- Table structure for table `expense_category`
--

DROP TABLE IF EXISTS `expense_category`;
CREATE TABLE IF NOT EXISTS `expense_category` (
  `expense_category_id` int NOT NULL AUTO_INCREMENT,
  `name` longtext CHARACTER SET utf8mb3 COLLATE utf8mb3_unicode_ci NOT NULL,
  PRIMARY KEY (`expense_category_id`)
) ENGINE=MyISAM AUTO_INCREMENT=6 DEFAULT CHARSET=latin1;

--
-- Dumping data for table `expense_category`
--

INSERT INTO `expense_category` (`expense_category_id`, `name`) VALUES
(5, 'Reading Books.');

-- --------------------------------------------------------

--
-- Table structure for table `gallery`
--

DROP TABLE IF EXISTS `gallery`;
CREATE TABLE IF NOT EXISTS `gallery` (
  `id` int NOT NULL AUTO_INCREMENT,
  `title` varchar(255) NOT NULL,
  `gallery_img` varchar(255) NOT NULL,
  `created_date` datetime NOT NULL DEFAULT CURRENT_TIMESTAMP,
  PRIMARY KEY (`id`)
) ENGINE=InnoDB AUTO_INCREMENT=9 DEFAULT CHARSET=utf8mb3 COLLATE=utf8mb3_unicode_ci;

-- --------------------------------------------------------

--
-- Table structure for table `groups`
--

DROP TABLE IF EXISTS `groups`;
CREATE TABLE IF NOT EXISTS `groups` (
  `id` mediumint UNSIGNED NOT NULL AUTO_INCREMENT,
  `name` varchar(20) NOT NULL,
  `description` varchar(100) NOT NULL,
  PRIMARY KEY (`id`)
) ENGINE=InnoDB AUTO_INCREMENT=4 DEFAULT CHARSET=utf8mb3;

--
-- Dumping data for table `groups`
--

INSERT INTO `groups` (`id`, `name`, `description`) VALUES
(1, 'admin', 'Administrator'),
(2, 'Lecturer', 'For making and checking Questions. And also conducting examinations'),
(3, 'Student', 'Exam Participants');

-- --------------------------------------------------------

--
-- Table structure for table `home_slider`
--

DROP TABLE IF EXISTS `home_slider`;
CREATE TABLE IF NOT EXISTS `home_slider` (
  `id` int NOT NULL AUTO_INCREMENT,
  `banner` varchar(255) NOT NULL,
  `title` varchar(255) NOT NULL,
  `created_date` datetime NOT NULL DEFAULT CURRENT_TIMESTAMP,
  PRIMARY KEY (`id`)
) ENGINE=InnoDB AUTO_INCREMENT=7 DEFAULT CHARSET=utf8mb3 COLLATE=utf8mb3_unicode_ci;

--
-- Dumping data for table `home_slider`
--

INSERT INTO `home_slider` (`id`, `banner`, `title`, `created_date`) VALUES
(5, 'bansal_slider_image.webp', '', '2024-01-16 13:14:13'),
(6, 'NSEs-2023-24-1291x322.webp', '', '2024-01-16 13:16:32');

-- --------------------------------------------------------

--
-- Table structure for table `hostel_category`
--

DROP TABLE IF EXISTS `hostel_category`;
CREATE TABLE IF NOT EXISTS `hostel_category` (
  `hostel_category_id` int NOT NULL AUTO_INCREMENT,
  `name` longtext CHARACTER SET utf8mb3 COLLATE utf8mb3_unicode_ci NOT NULL,
  `description` longtext CHARACTER SET utf8mb3 COLLATE utf8mb3_unicode_ci NOT NULL,
  PRIMARY KEY (`hostel_category_id`)
) ENGINE=MyISAM AUTO_INCREMENT=5 DEFAULT CHARSET=latin1;

--
-- Dumping data for table `hostel_category`
--

INSERT INTO `hostel_category` (`hostel_category_id`, `name`, `description`) VALUES
(2, 'Female', 'This is for female only.'),
(3, 'Male', 'This is for male only. Female are not allowed.');

-- --------------------------------------------------------

--
-- Table structure for table `hostel_room`
--

DROP TABLE IF EXISTS `hostel_room`;
CREATE TABLE IF NOT EXISTS `hostel_room` (
  `hostel_room_id` int NOT NULL AUTO_INCREMENT,
  `name` longtext CHARACTER SET utf8mb3 COLLATE utf8mb3_unicode_ci NOT NULL,
  `room_type` longtext CHARACTER SET utf8mb3 COLLATE utf8mb3_unicode_ci NOT NULL,
  `num_bed` longtext CHARACTER SET utf8mb3 COLLATE utf8mb3_unicode_ci NOT NULL,
  `cost_bed` longtext CHARACTER SET utf8mb3 COLLATE utf8mb3_unicode_ci NOT NULL,
  `description` longtext CHARACTER SET utf8mb3 COLLATE utf8mb3_unicode_ci NOT NULL,
  PRIMARY KEY (`hostel_room_id`)
) ENGINE=MyISAM AUTO_INCREMENT=3 DEFAULT CHARSET=latin1;

--
-- Dumping data for table `hostel_room`
--

INSERT INTO `hostel_room` (`hostel_room_id`, `name`, `room_type`, `num_bed`, `cost_bed`, `description`) VALUES
(2, 'Room One', 'Single', '2', '5000', 'This is for the big guys among us.');

-- --------------------------------------------------------

--
-- Table structure for table `house`
--

DROP TABLE IF EXISTS `house`;
CREATE TABLE IF NOT EXISTS `house` (
  `house_id` int NOT NULL AUTO_INCREMENT,
  `name` longtext CHARACTER SET utf8mb3 COLLATE utf8mb3_unicode_ci NOT NULL,
  `description` longtext CHARACTER SET utf8mb3 COLLATE utf8mb3_unicode_ci NOT NULL,
  PRIMARY KEY (`house_id`)
) ENGINE=MyISAM AUTO_INCREMENT=5 DEFAULT CHARSET=latin1;

--
-- Dumping data for table `house`
--

INSERT INTO `house` (`house_id`, `name`, `description`) VALUES
(1, 'Purple House', 'This is for students in purple house');

-- --------------------------------------------------------

--
-- Table structure for table `h_ujian`
--

DROP TABLE IF EXISTS `h_ujian`;
CREATE TABLE IF NOT EXISTS `h_ujian` (
  `id` int NOT NULL AUTO_INCREMENT,
  `ujian_id` int NOT NULL,
  `mahasiswa_id` int NOT NULL,
  `list_soal` longtext NOT NULL,
  `list_jawaban` longtext NOT NULL,
  `jml_benar` int NOT NULL,
  `nilai` decimal(10,2) NOT NULL,
  `nilai_bobot` decimal(10,2) NOT NULL,
  `tgl_mulai` datetime NOT NULL,
  `tgl_selesai` datetime NOT NULL,
  `status` enum('Y','N') NOT NULL,
  PRIMARY KEY (`id`),
  KEY `ujian_id` (`ujian_id`),
  KEY `mahasiswa_id` (`mahasiswa_id`)
) ENGINE=InnoDB AUTO_INCREMENT=8 DEFAULT CHARSET=utf8mb3;

--
-- Dumping data for table `h_ujian`
--

INSERT INTO `h_ujian` (`id`, `ujian_id`, `mahasiswa_id`, `list_soal`, `list_jawaban`, `jml_benar`, `nilai`, `nilai_bobot`, `tgl_mulai`, `tgl_selesai`, `status`) VALUES
(6, 8, 4, '21', '21::N', 0, '0.00', '0.00', '2022-06-16 13:02:02', '2022-06-16 13:04:02', 'Y'),
(7, 9, 4, '21', '21:A:N', 1, '100.00', '1.00', '2022-06-16 14:24:56', '2022-06-16 14:25:56', 'N');

-- --------------------------------------------------------

--
-- Table structure for table `invoice`
--

DROP TABLE IF EXISTS `invoice`;
CREATE TABLE IF NOT EXISTS `invoice` (
  `invoice_id` int NOT NULL AUTO_INCREMENT,
  `invoice_number` longtext CHARACTER SET utf8mb3 COLLATE utf8mb3_unicode_ci NOT NULL,
  `student_id` int NOT NULL,
  `title` longtext CHARACTER SET utf8mb3 COLLATE utf8mb3_unicode_ci NOT NULL,
  `description` longtext CHARACTER SET utf8mb3 COLLATE utf8mb3_unicode_ci NOT NULL,
  `amount` int NOT NULL,
  `discount` int NOT NULL,
  `amount_paid` int NOT NULL,
  `due` int NOT NULL,
  `creation_timestamp` longtext CHARACTER SET utf8mb3 COLLATE utf8mb3_unicode_ci NOT NULL,
  `payment_method` longtext CHARACTER SET utf8mb3 COLLATE utf8mb3_unicode_ci NOT NULL,
  `status` int NOT NULL,
  `year` longtext CHARACTER SET utf8mb3 COLLATE utf8mb3_unicode_ci NOT NULL,
  PRIMARY KEY (`invoice_id`)
) ENGINE=MyISAM AUTO_INCREMENT=4 DEFAULT CHARSET=latin1;

--
-- Dumping data for table `invoice`
--

INSERT INTO `invoice` (`invoice_id`, `invoice_number`, `student_id`, `title`, `description`, `amount`, `discount`, `amount_paid`, `due`, `creation_timestamp`, `payment_method`, `status`, `year`) VALUES
(2, '742593INV2019', 45, 'Another Part payment for eLibrary', 'Another Part payment for eLibrary.', 7000, 0, 6200, 800, '2019-11-12', '1', 2, '2019-2020');

-- --------------------------------------------------------

--
-- Table structure for table `jurusan`
--

DROP TABLE IF EXISTS `jurusan`;
CREATE TABLE IF NOT EXISTS `jurusan` (
  `id_jurusan` int NOT NULL AUTO_INCREMENT,
  `nama_jurusan` varchar(30) NOT NULL,
  PRIMARY KEY (`id_jurusan`)
) ENGINE=InnoDB AUTO_INCREMENT=8 DEFAULT CHARSET=utf8mb3;

--
-- Dumping data for table `jurusan`
--

INSERT INTO `jurusan` (`id_jurusan`, `nama_jurusan`) VALUES
(5, 'Sample 101'),
(6, 'Sample 102');

-- --------------------------------------------------------

--
-- Table structure for table `jurusan_matkul`
--

DROP TABLE IF EXISTS `jurusan_matkul`;
CREATE TABLE IF NOT EXISTS `jurusan_matkul` (
  `id` int NOT NULL AUTO_INCREMENT,
  `matkul_id` int NOT NULL,
  `jurusan_id` int NOT NULL,
  PRIMARY KEY (`id`),
  KEY `jurusan_id` (`jurusan_id`),
  KEY `matkul_id` (`matkul_id`)
) ENGINE=InnoDB AUTO_INCREMENT=11 DEFAULT CHARSET=utf8mb3;

--
-- Dumping data for table `jurusan_matkul`
--

INSERT INTO `jurusan_matkul` (`id`, `matkul_id`, `jurusan_id`) VALUES
(10, 8, 5);

-- --------------------------------------------------------

--
-- Table structure for table `kelas`
--

DROP TABLE IF EXISTS `kelas`;
CREATE TABLE IF NOT EXISTS `kelas` (
  `id_kelas` int NOT NULL AUTO_INCREMENT,
  `nama_kelas` varchar(30) NOT NULL,
  `jurusan_id` int NOT NULL,
  PRIMARY KEY (`id_kelas`),
  KEY `jurusan_id` (`jurusan_id`)
) ENGINE=InnoDB AUTO_INCREMENT=14 DEFAULT CHARSET=utf8mb3;

--
-- Dumping data for table `kelas`
--

INSERT INTO `kelas` (`id_kelas`, `nama_kelas`, `jurusan_id`) VALUES
(12, 'Class 101', 5),
(13, 'Class 102', 6);

-- --------------------------------------------------------

--
-- Table structure for table `kelas_dosen`
--

DROP TABLE IF EXISTS `kelas_dosen`;
CREATE TABLE IF NOT EXISTS `kelas_dosen` (
  `id` int NOT NULL AUTO_INCREMENT,
  `kelas_id` int NOT NULL,
  `dosen_id` int NOT NULL,
  PRIMARY KEY (`id`),
  KEY `kelas_id` (`kelas_id`),
  KEY `dosen_id` (`dosen_id`)
) ENGINE=InnoDB AUTO_INCREMENT=16 DEFAULT CHARSET=utf8mb3;

--
-- Dumping data for table `kelas_dosen`
--

INSERT INTO `kelas_dosen` (`id`, `kelas_id`, `dosen_id`) VALUES
(14, 12, 7),
(15, 13, 7);

-- --------------------------------------------------------

--
-- Table structure for table `language`
--

DROP TABLE IF EXISTS `language`;
CREATE TABLE IF NOT EXISTS `language` (
  `phrase_id` int NOT NULL AUTO_INCREMENT,
  `phrase` longtext CHARACTER SET utf8mb3 COLLATE utf8mb3_unicode_ci NOT NULL,
  `english` longtext CHARACTER SET utf8mb3 COLLATE utf8mb3_unicode_ci,
  `arabic` longtext CHARACTER SET utf8mb3 COLLATE utf8mb3_unicode_ci,
  `french` longtext CHARACTER SET utf8mb3 COLLATE utf8mb3_unicode_ci,
  `korea` longtext CHARACTER SET utf8mb3 COLLATE utf8mb3_unicode_ci,
  PRIMARY KEY (`phrase_id`)
) ENGINE=MyISAM AUTO_INCREMENT=40558 DEFAULT CHARSET=utf8mb3 COLLATE=utf8mb3_unicode_ci;

--
-- Dumping data for table `language`
--

INSERT INTO `language` (`phrase_id`, `phrase`, `english`, `arabic`, `french`, `korea`) VALUES
(1, 'Manage Language', 'Manage Language', ' ', NULL, NULL),
(2, 'active language', 'Active Language', ' ', NULL, NULL),
(40557, 'add', NULL, NULL, NULL, NULL);

-- --------------------------------------------------------

--
-- Table structure for table `language_list`
--

DROP TABLE IF EXISTS `language_list`;
CREATE TABLE IF NOT EXISTS `language_list` (
  `language_list_id` int NOT NULL AUTO_INCREMENT,
  `name` varchar(500) CHARACTER SET utf8mb3 COLLATE utf8mb3_unicode_ci DEFAULT NULL,
  `db_field` varchar(300) DEFAULT NULL,
  `status` varchar(20) DEFAULT NULL,
  PRIMARY KEY (`language_list_id`)
) ENGINE=InnoDB DEFAULT CHARSET=latin1;

-- --------------------------------------------------------

--
-- Table structure for table `leave`
--

DROP TABLE IF EXISTS `leave`;
CREATE TABLE IF NOT EXISTS `leave` (
  `leave_id` int NOT NULL AUTO_INCREMENT,
  `leave_code` longtext CHARACTER SET utf8mb3 COLLATE utf8mb3_unicode_ci NOT NULL,
  `teacher_id` longtext CHARACTER SET utf8mb3 COLLATE utf8mb3_unicode_ci NOT NULL,
  `start_date` longtext CHARACTER SET utf8mb3 COLLATE utf8mb3_unicode_ci NOT NULL,
  `end_date` longtext CHARACTER SET utf8mb3 COLLATE utf8mb3_unicode_ci NOT NULL,
  `reason` longtext CHARACTER SET utf8mb3 COLLATE utf8mb3_unicode_ci NOT NULL,
  `status` longtext CHARACTER SET utf8mb3 COLLATE utf8mb3_unicode_ci NOT NULL,
  PRIMARY KEY (`leave_id`)
) ENGINE=MyISAM AUTO_INCREMENT=3 DEFAULT CHARSET=latin1;

-- --------------------------------------------------------

--
-- Table structure for table `login_attempts`
--

DROP TABLE IF EXISTS `login_attempts`;
CREATE TABLE IF NOT EXISTS `login_attempts` (
  `id` int UNSIGNED NOT NULL AUTO_INCREMENT,
  `ip_address` varchar(45) NOT NULL,
  `login` varchar(100) NOT NULL,
  `time` int UNSIGNED DEFAULT NULL,
  PRIMARY KEY (`id`)
) ENGINE=InnoDB AUTO_INCREMENT=16 DEFAULT CHARSET=utf8mb3;

--
-- Dumping data for table `login_attempts`
--

INSERT INTO `login_attempts` (`id`, `ip_address`, `login`, `time`) VALUES
(8, '::1', '62314152', 1655358257),
(9, '::1', '62314152', 1655358260),
(10, '::1', '62314152', 1655358263),
(11, '::1', 'admin@admin.com', 1655358303),
(13, '::1', 'sam23@mail.coom', 1655359119),
(15, '::1', 'admin', 1655360998);

-- --------------------------------------------------------

--
-- Table structure for table `mahasiswa`
--

DROP TABLE IF EXISTS `mahasiswa`;
CREATE TABLE IF NOT EXISTS `mahasiswa` (
  `id_mahasiswa` int NOT NULL AUTO_INCREMENT,
  `nama` varchar(50) NOT NULL,
  `nim` char(20) NOT NULL,
  `email` varchar(254) NOT NULL,
  `jenis_kelamin` enum('L','P') NOT NULL,
  `kelas_id` int NOT NULL COMMENT 'kelas&jurusan',
  PRIMARY KEY (`id_mahasiswa`),
  UNIQUE KEY `nim` (`nim`),
  UNIQUE KEY `email` (`email`),
  KEY `kelas_id` (`kelas_id`)
) ENGINE=InnoDB AUTO_INCREMENT=5 DEFAULT CHARSET=latin1;

--
-- Dumping data for table `mahasiswa`
--

INSERT INTO `mahasiswa` (`id_mahasiswa`, `nama`, `nim`, `email`, `jenis_kelamin`, `kelas_id`) VALUES
(1, 'Liam Moore', '12183018', 'liamoore@mail.com', '', 1),
(2, 'Demo Student', '01112004', 'demostd@mail.com', '', 9),
(4, 'Samantha Jane Miller', '62314152', 'sam23@mail.com', '', 12);

-- --------------------------------------------------------

--
-- Table structure for table `mark`
--

DROP TABLE IF EXISTS `mark`;
CREATE TABLE IF NOT EXISTS `mark` (
  `mark_id` int NOT NULL AUTO_INCREMENT,
  `student_id` int NOT NULL,
  `subject_id` int NOT NULL,
  `exam_id` int NOT NULL,
  `class_id` int NOT NULL,
  `class_score1` int NOT NULL,
  `class_score2` int NOT NULL,
  `class_score3` int NOT NULL,
  `exam_score` int NOT NULL,
  `comment` longtext NOT NULL,
  PRIMARY KEY (`mark_id`)
) ENGINE=MyISAM AUTO_INCREMENT=7 DEFAULT CHARSET=latin1;

--
-- Dumping data for table `mark`
--

INSERT INTO `mark` (`mark_id`, `student_id`, `subject_id`, `exam_id`, `class_id`, `class_score1`, `class_score2`, `class_score3`, `exam_score`, `comment`) VALUES
(1, 45, 5, 1, 2, 10, 9, 8, 70, 'Good performance.'),
(2, 45, 4, 1, 2, 10, 7, 9, 69, 'Excellent performance.'),
(3, 45, 6, 1, 2, 8, 5, 8, 21, ''),
(4, 0, 5, 1, 2, 0, 0, 0, 0, ''),
(5, 0, 4, 1, 2, 0, 0, 0, 0, ''),
(6, 0, 6, 1, 2, 0, 0, 0, 0, '');

-- --------------------------------------------------------

--
-- Table structure for table `material`
--

DROP TABLE IF EXISTS `material`;
CREATE TABLE IF NOT EXISTS `material` (
  `material_id` int NOT NULL AUTO_INCREMENT,
  `name` longtext CHARACTER SET utf8mb3 COLLATE utf8mb3_unicode_ci NOT NULL,
  `class_id` int NOT NULL,
  `subject_id` int NOT NULL,
  `teacher_id` int NOT NULL,
  `description` longtext CHARACTER SET utf8mb3 COLLATE utf8mb3_unicode_ci NOT NULL,
  `file_name` longtext CHARACTER SET utf8mb3 COLLATE utf8mb3_unicode_ci NOT NULL,
  `file_type` longtext CHARACTER SET utf8mb3 COLLATE utf8mb3_unicode_ci NOT NULL,
  `timestamp` longtext CHARACTER SET utf8mb3 COLLATE utf8mb3_unicode_ci NOT NULL,
  PRIMARY KEY (`material_id`)
) ENGINE=MyISAM AUTO_INCREMENT=2 DEFAULT CHARSET=latin1;

--
-- Dumping data for table `material`
--

INSERT INTO `material` (`material_id`, `name`, `class_id`, `subject_id`, `teacher_id`, `description`, `file_name`, `file_type`, `timestamp`) VALUES
(1, 'Study material for Nursery One', 2, 5, 1, 'This is for class only.', 'profile.png', 'docx', '2018-08-19');

-- --------------------------------------------------------

--
-- Table structure for table `matkul`
--

DROP TABLE IF EXISTS `matkul`;
CREATE TABLE IF NOT EXISTS `matkul` (
  `id_matkul` int NOT NULL AUTO_INCREMENT,
  `nama_matkul` varchar(50) NOT NULL,
  PRIMARY KEY (`id_matkul`)
) ENGINE=InnoDB AUTO_INCREMENT=11 DEFAULT CHARSET=utf8mb3;

--
-- Dumping data for table `matkul`
--

INSERT INTO `matkul` (`id_matkul`, `nama_matkul`) VALUES
(8, 'Course 101'),
(9, 'Course 102');

-- --------------------------------------------------------

--
-- Table structure for table `meeting_link`
--

DROP TABLE IF EXISTS `meeting_link`;
CREATE TABLE IF NOT EXISTS `meeting_link` (
  `id` int NOT NULL AUTO_INCREMENT,
  `title` longtext CHARACTER SET utf8mb3 COLLATE utf8mb3_unicode_ci NOT NULL,
  `meeting_code` longtext NOT NULL,
  `meeting_type` varchar(255) NOT NULL,
  `link` longtext CHARACTER SET utf8mb3 COLLATE utf8mb3_unicode_ci NOT NULL,
  `uploader_type` longtext CHARACTER SET utf8mb3 COLLATE utf8mb3_unicode_ci NOT NULL,
  `uploader_id` longtext CHARACTER SET utf8mb3 COLLATE utf8mb3_unicode_ci NOT NULL,
  `session` longtext CHARACTER SET utf8mb3 COLLATE utf8mb3_unicode_ci NOT NULL,
  `timestamp` int NOT NULL,
  PRIMARY KEY (`id`)
) ENGINE=MyISAM AUTO_INCREMENT=16 DEFAULT CHARSET=latin1;

--
-- Dumping data for table `meeting_link`
--

INSERT INTO `meeting_link` (`id`, `title`, `meeting_code`, `meeting_type`, `link`, `uploader_type`, `uploader_id`, `session`, `timestamp`) VALUES
(15, 'aaaa', '3223fed', 'Google Meeting', 'https://meet.google.com/mtc-drnf-mip', 'admin', '1', '2023-2024', 1705563079);

-- --------------------------------------------------------

--
-- Table structure for table `m_ujian`
--

DROP TABLE IF EXISTS `m_ujian`;
CREATE TABLE IF NOT EXISTS `m_ujian` (
  `id_ujian` int NOT NULL AUTO_INCREMENT,
  `dosen_id` int NOT NULL,
  `matkul_id` int NOT NULL,
  `nama_ujian` varchar(200) NOT NULL,
  `jumlah_soal` int NOT NULL,
  `waktu` int NOT NULL,
  `jenis` enum('Random','Sort') NOT NULL,
  `tgl_mulai` datetime NOT NULL,
  `terlambat` datetime NOT NULL,
  `token` varchar(5) NOT NULL,
  PRIMARY KEY (`id_ujian`),
  KEY `matkul_id` (`matkul_id`),
  KEY `dosen_id` (`dosen_id`)
) ENGINE=InnoDB AUTO_INCREMENT=10 DEFAULT CHARSET=utf8mb3;

--
-- Dumping data for table `m_ujian`
--

INSERT INTO `m_ujian` (`id_ujian`, `dosen_id`, `matkul_id`, `nama_ujian`, `jumlah_soal`, `waktu`, `jenis`, `tgl_mulai`, `terlambat`, `token`) VALUES
(8, 7, 8, 'Exam 101', 1, 2, 'Sort', '2022-06-16 12:57:15', '2022-06-20 14:02:28', 'FABZD'),
(9, 7, 8, 'Exam 102', 1, 1, 'Random', '2022-06-16 14:18:22', '2022-06-17 14:07:25', 'IOLEN');

-- --------------------------------------------------------

--
-- Table structure for table `noticeboard`
--

DROP TABLE IF EXISTS `noticeboard`;
CREATE TABLE IF NOT EXISTS `noticeboard` (
  `noticeboard_id` int NOT NULL AUTO_INCREMENT,
  `title` longtext CHARACTER SET utf8mb3 COLLATE utf8mb3_unicode_ci NOT NULL,
  `location` longtext CHARACTER SET utf8mb3 COLLATE utf8mb3_unicode_ci NOT NULL,
  `timestamp` int NOT NULL,
  `description` longtext CHARACTER SET utf8mb3 COLLATE utf8mb3_unicode_ci NOT NULL,
  PRIMARY KEY (`noticeboard_id`)
) ENGINE=MyISAM AUTO_INCREMENT=5 DEFAULT CHARSET=latin1;

--
-- Dumping data for table `noticeboard`
--

INSERT INTO `noticeboard` (`noticeboard_id`, `title`, `location`, `timestamp`, `description`) VALUES
(3, 'Second meeting coming up soon', 'Udemy Forum', 1575136800, 'The meeting is coming up soon. Ensure you are fully prepared.'),
(4, 'Parent Teacher Association Meeting.', 'Ontario Location', 1575050400, 'This is the new updated information as regards the meeting.');

-- --------------------------------------------------------

--
-- Table structure for table `parent`
--

DROP TABLE IF EXISTS `parent`;
CREATE TABLE IF NOT EXISTS `parent` (
  `parent_id` int NOT NULL AUTO_INCREMENT,
  `name` longtext CHARACTER SET utf8mb3 COLLATE utf8mb3_unicode_ci NOT NULL,
  `email` longtext CHARACTER SET utf8mb3 COLLATE utf8mb3_unicode_ci NOT NULL,
  `password` longtext CHARACTER SET utf8mb3 COLLATE utf8mb3_unicode_ci NOT NULL,
  `phone` longtext CHARACTER SET utf8mb3 COLLATE utf8mb3_unicode_ci NOT NULL,
  `address` longtext CHARACTER SET utf8mb3 COLLATE utf8mb3_unicode_ci NOT NULL,
  `profession` longtext CHARACTER SET utf8mb3 COLLATE utf8mb3_unicode_ci NOT NULL,
  `login_status` longtext CHARACTER SET utf8mb3 COLLATE utf8mb3_unicode_ci NOT NULL,
  PRIMARY KEY (`parent_id`)
) ENGINE=MyISAM AUTO_INCREMENT=5 DEFAULT CHARSET=latin1;

--
-- Dumping data for table `parent`
--

INSERT INTO `parent` (`parent_id`, `name`, `email`, `password`, `phone`, `address`, `profession`, `login_status`) VALUES
(4, 'Mr. Parent', 'parent@parent.com', '7110eda4d09e062aa5e4a390b0a572ac0d2c0220', '+912345667', 'Udemy Address', 'Learners', '0');

-- --------------------------------------------------------

--
-- Table structure for table `payment`
--

DROP TABLE IF EXISTS `payment`;
CREATE TABLE IF NOT EXISTS `payment` (
  `payment_id` int NOT NULL AUTO_INCREMENT,
  `expense_category_id` longtext CHARACTER SET utf8mb3 COLLATE utf8mb3_unicode_ci NOT NULL,
  `title` longtext CHARACTER SET utf8mb3 COLLATE utf8mb3_unicode_ci NOT NULL,
  `payment_type` longtext CHARACTER SET utf8mb3 COLLATE utf8mb3_unicode_ci NOT NULL,
  `invoice_id` longtext CHARACTER SET utf8mb3 COLLATE utf8mb3_unicode_ci NOT NULL,
  `student_id` longtext CHARACTER SET utf8mb3 COLLATE utf8mb3_unicode_ci NOT NULL,
  `method` longtext CHARACTER SET utf8mb3 COLLATE utf8mb3_unicode_ci NOT NULL,
  `description` longtext CHARACTER SET utf8mb3 COLLATE utf8mb3_unicode_ci NOT NULL,
  `amount` longtext CHARACTER SET utf8mb3 COLLATE utf8mb3_unicode_ci NOT NULL,
  `discount` longtext CHARACTER SET utf8mb3 COLLATE utf8mb3_unicode_ci NOT NULL,
  `timestamp` int NOT NULL,
  `year` longtext CHARACTER SET utf8mb3 COLLATE utf8mb3_unicode_ci NOT NULL,
  PRIMARY KEY (`payment_id`)
) ENGINE=MyISAM AUTO_INCREMENT=11 DEFAULT CHARSET=latin1;

--
-- Dumping data for table `payment`
--

INSERT INTO `payment` (`payment_id`, `expense_category_id`, `title`, `payment_type`, `invoice_id`, `student_id`, `method`, `description`, `amount`, `discount`, `timestamp`, `year`) VALUES
(2, '5', 'Purchase of school reading', 'expense', '', '', '2', 'This was purchase by the school administrator for the purpose of having reading books in the school.<br>', '5000', '', 556644564, '2019-2020'),
(5, '5', 'Purchase of school chalks', 'expense', '', '', '1', 'Purchase of school chalks<br>', '3000', '', 556644564, '2019-2020'),
(6, '', 'Part payment for eLibrary', '', '2', '45', '1', 'income', '5000', '0', 556644564, ''),
(7, '', 'Another payment for eLibrary', 'income', '3', '45', '1', 'Another payment for eLibrary', '2000', '0', 445667865, ''),
(8, '', 'Part payment for eLibrary', 'income', '2', '45', '1', 'Part payment for eLibrary', '1200', '', 556644564, ''),
(9, '5', 'New chalk purchased', 'expense', '', '', '3', 'New chalk purchased<br>', '1000', '', 556644564, '2019-2020'),
(10, '', 'Another Part payment for eLibrary.', 'income', '2', '45', '1', 'Another Part payment for eLibrary.', '5000', '', 1576951200, '2019-2020');

-- --------------------------------------------------------

--
-- Table structure for table `quiz_answer`
--

DROP TABLE IF EXISTS `quiz_answer`;
CREATE TABLE IF NOT EXISTS `quiz_answer` (
  `id` int NOT NULL AUTO_INCREMENT,
  `user_id` smallint NOT NULL,
  `quiz_id` smallint NOT NULL,
  `question_id` smallint NOT NULL,
  `answer` varchar(255) CHARACTER SET utf8mb3 COLLATE utf8mb3_unicode_ci NOT NULL,
  `is_correct` bit(1) NOT NULL COMMENT '1 = correct, 0 = incorrect',
  `entry_date` datetime NOT NULL DEFAULT CURRENT_TIMESTAMP,
  PRIMARY KEY (`id`)
) ENGINE=MyISAM AUTO_INCREMENT=94 DEFAULT CHARSET=latin1;

--
-- Dumping data for table `quiz_answer`
--

INSERT INTO `quiz_answer` (`id`, `user_id`, `quiz_id`, `question_id`, `answer`, `is_correct`, `entry_date`) VALUES
(89, 21, 18, 20, 'option_2', b'1', '2024-01-11 10:51:19'),
(88, 21, 18, 19, 'option_3', b'0', '2024-01-11 10:51:19'),
(87, 21, 18, 18, 'option_3', b'1', '2024-01-11 10:51:19'),
(86, 21, 18, 21, 'option_2', b'1', '2024-01-11 10:51:19'),
(85, 20, 18, 20, 'option_1', b'0', '2024-01-11 10:22:02'),
(84, 20, 18, 19, 'option_4', b'0', '2024-01-11 10:22:02'),
(83, 20, 18, 18, 'option_4', b'0', '2024-01-11 10:22:02'),
(82, 20, 18, 21, 'option_3', b'0', '2024-01-11 10:22:02'),
(81, 19, 18, 20, 'option_2', b'1', '2024-01-11 10:16:30'),
(80, 19, 18, 19, 'option_1', b'0', '2024-01-11 10:16:30'),
(79, 19, 18, 18, 'option_2', b'0', '2024-01-11 10:16:30'),
(78, 19, 18, 21, 'option_2', b'1', '2024-01-11 10:16:30'),
(77, 18, 18, 20, 'option_2', b'1', '2024-01-10 22:14:46'),
(76, 18, 18, 19, 'option_3', b'0', '2024-01-10 22:14:46'),
(75, 18, 18, 18, 'option_3', b'1', '2024-01-10 22:14:46'),
(90, 22, 18, 21, 'option_1', b'0', '2024-01-18 12:54:37'),
(91, 22, 18, 18, 'option_2', b'0', '2024-01-18 12:54:37'),
(92, 22, 18, 19, 'option_3', b'0', '2024-01-18 12:54:37'),
(93, 22, 18, 20, 'option_1', b'0', '2024-01-18 12:54:37');

-- --------------------------------------------------------

--
-- Table structure for table `quiz_details`
--

DROP TABLE IF EXISTS `quiz_details`;
CREATE TABLE IF NOT EXISTS `quiz_details` (
  `quiz_id` int NOT NULL AUTO_INCREMENT,
  `quiz_name` varchar(255) CHARACTER SET utf8mb3 COLLATE utf8mb3_unicode_ci NOT NULL,
  `quiz_duration` varchar(255) NOT NULL,
  `start_date` date NOT NULL,
  `end_date` date NOT NULL,
  `is_active` tinyint NOT NULL,
  `show_it` bit(1) NOT NULL,
  `counter` smallint NOT NULL,
  `created_date` datetime NOT NULL,
  `created_by` int NOT NULL,
  `last_modified_date` datetime NOT NULL,
  `last_modified_by` int NOT NULL,
  PRIMARY KEY (`quiz_id`)
) ENGINE=MyISAM AUTO_INCREMENT=20 DEFAULT CHARSET=latin1;

--
-- Dumping data for table `quiz_details`
--

INSERT INTO `quiz_details` (`quiz_id`, `quiz_name`, `quiz_duration`, `start_date`, `end_date`, `is_active`, `show_it`, `counter`, `created_date`, `created_by`, `last_modified_date`, `last_modified_by`) VALUES
(18, 'maths', '1 hours', '2024-01-09', '2024-01-30', 1, b'1', 4, '2024-01-09 16:46:20', 0, '0000-00-00 00:00:00', 0),
(19, 'science', '2 hours', '2024-01-18', '2024-02-04', 1, b'1', 1, '2024-01-18 13:26:58', 0, '0000-00-00 00:00:00', 0);

-- --------------------------------------------------------

--
-- Table structure for table `quiz_enquiry`
--

DROP TABLE IF EXISTS `quiz_enquiry`;
CREATE TABLE IF NOT EXISTS `quiz_enquiry` (
  `user_id` int NOT NULL AUTO_INCREMENT,
  `fullName` varchar(255) NOT NULL,
  `gender` varchar(255) NOT NULL,
  `email` varchar(255) NOT NULL,
  `mobileNumber` varchar(255) NOT NULL,
  `class` varchar(255) NOT NULL,
  `user_role` tinyint NOT NULL,
  `is_active` tinyint NOT NULL DEFAULT '1' COMMENT '1=Active, 0=Inactive',
  `created_date` datetime NOT NULL DEFAULT CURRENT_TIMESTAMP,
  PRIMARY KEY (`user_id`)
) ENGINE=InnoDB AUTO_INCREMENT=23 DEFAULT CHARSET=utf8mb3 COLLATE=utf8mb3_unicode_ci;

--
-- Dumping data for table `quiz_enquiry`
--

INSERT INTO `quiz_enquiry` (`user_id`, `fullName`, `gender`, `email`, `mobileNumber`, `class`, `user_role`, `is_active`, `created_date`) VALUES
(16, 'ankita', 'female', 'ankita@gmail.com', '9087654321', 'class 1', 2, 1, '2024-01-10 21:06:25'),
(17, 'anku', 'female', 'anku@gmail.com', '9087654321', 'Nursery One', 2, 1, '2024-01-10 22:12:50'),
(18, 'sudipa', 'female', 'sudipa@gmail.com', '9087654321', 'Nursery One', 2, 1, '2024-01-10 22:14:26'),
(19, 'rahul', 'male', 'rahul@gmail.com', '9087654321', 'Nursery One', 2, 1, '2024-01-11 10:16:09'),
(20, 'ankit', 'female', 'ankit@gmail.com', '9087654321', 'class 1', 2, 1, '2024-01-11 10:21:39'),
(21, 'sudipa', 'female', 'sudipa@gmail.com', '9087654321', 'Nursery One', 2, 1, '2024-01-11 10:50:56'),
(22, 'Sudipa Swarup Maity', 'male', 'msudi8@gmail.com', '9359044818', 'class 1', 2, 1, '2024-01-18 12:54:21');

-- --------------------------------------------------------

--
-- Table structure for table `quiz_questions`
--

DROP TABLE IF EXISTS `quiz_questions`;
CREATE TABLE IF NOT EXISTS `quiz_questions` (
  `id` int NOT NULL AUTO_INCREMENT,
  `quiz_id` int NOT NULL,
  `question` text NOT NULL,
  `option1` varchar(255) CHARACTER SET utf8mb3 COLLATE utf8mb3_unicode_ci NOT NULL,
  `option2` varchar(255) CHARACTER SET utf8mb3 COLLATE utf8mb3_unicode_ci NOT NULL,
  `option3` varchar(255) CHARACTER SET utf8mb3 COLLATE utf8mb3_unicode_ci NOT NULL,
  `option4` varchar(255) CHARACTER SET utf8mb3 COLLATE utf8mb3_unicode_ci NOT NULL,
  `answer` varchar(20) CHARACTER SET utf8mb3 COLLATE utf8mb3_unicode_ci NOT NULL,
  `is_active` tinyint NOT NULL,
  `created_date` datetime NOT NULL,
  `created_by` int NOT NULL,
  PRIMARY KEY (`id`)
) ENGINE=MyISAM AUTO_INCREMENT=23 DEFAULT CHARSET=latin1;

--
-- Dumping data for table `quiz_questions`
--

INSERT INTO `quiz_questions` (`id`, `quiz_id`, `question`, `option1`, `option2`, `option3`, `option4`, `answer`, `is_active`, `created_date`, `created_by`) VALUES
(21, 18, 'sdfghhdfgt', '1112211212', 'gfvhhjkghyjur', '88', '44444', 'option_2', 1, '0000-00-00 00:00:00', 0),
(18, 18, '1 + 1 =', '22', '3', '2', '222', 'option_3', 1, '0000-00-00 00:00:00', 0),
(19, 18, '10 * 30', '333', '300', '88', '444', 'option_2', 1, '0000-00-00 00:00:00', 0),
(20, 18, 'What the multiplication of 9 * 8 ?', '111', '72', '27', '56', 'option_2', 1, '0000-00-00 00:00:00', 0),
(22, 19, 'assss', 'a', 'b', 'c', 'd', 'option_2', 1, '0000-00-00 00:00:00', 0);

-- --------------------------------------------------------

--
-- Table structure for table `recorded_lecture`
--

DROP TABLE IF EXISTS `recorded_lecture`;
CREATE TABLE IF NOT EXISTS `recorded_lecture` (
  `id` int NOT NULL AUTO_INCREMENT,
  `title` varchar(255) NOT NULL,
  `youtube_link` varchar(255) NOT NULL,
  `description` text NOT NULL,
  `created_date` datetime NOT NULL DEFAULT CURRENT_TIMESTAMP,
  PRIMARY KEY (`id`)
) ENGINE=InnoDB AUTO_INCREMENT=3 DEFAULT CHARSET=utf8mb3 COLLATE=utf8mb3_unicode_ci;

--
-- Dumping data for table `recorded_lecture`
--

INSERT INTO `recorded_lecture` (`id`, `title`, `youtube_link`, `description`, `created_date`) VALUES
(2, 'ssssssssssss', 'https://www.youtube.com/@vedhvalleyworldschool6773', 'sdfghjefesf', '2023-12-27 17:44:19');

-- --------------------------------------------------------

--
-- Table structure for table `results`
--

DROP TABLE IF EXISTS `results`;
CREATE TABLE IF NOT EXISTS `results` (
  `id` int NOT NULL AUTO_INCREMENT,
  `result_banner` varchar(255) NOT NULL,
  `title` varchar(255) NOT NULL,
  `created_date` datetime NOT NULL DEFAULT CURRENT_TIMESTAMP,
  PRIMARY KEY (`id`)
) ENGINE=InnoDB AUTO_INCREMENT=12 DEFAULT CHARSET=utf8mb3 COLLATE=utf8mb3_unicode_ci;

--
-- Dumping data for table `results`
--

INSERT INTO `results` (`id`, `result_banner`, `title`, `created_date`) VALUES
(6, 'jee-adv-results-Image.jpg', '', '2024-01-02 23:42:55'),
(7, 'Slider_Aug.jpg', '', '2024-01-16 14:12:59'),
(8, 'result-3.jpg', '', '2024-01-16 14:13:08'),
(9, 'jee-adv-results-Image1.jpg', '', '2024-01-16 14:13:30'),
(10, 'JEE-Advanced-Result-2016.jpg', '', '2024-01-16 14:14:01'),
(11, 'JEE-Advanced-Result-2015.jpg', '', '2024-01-16 14:15:40');

-- --------------------------------------------------------

--
-- Table structure for table `section`
--

DROP TABLE IF EXISTS `section`;
CREATE TABLE IF NOT EXISTS `section` (
  `section_id` int NOT NULL AUTO_INCREMENT,
  `name` longtext CHARACTER SET utf8mb3 COLLATE utf8mb3_unicode_ci NOT NULL,
  `nick_name` longtext CHARACTER SET utf8mb3 COLLATE utf8mb3_unicode_ci NOT NULL,
  `class_id` int NOT NULL,
  `teacher_id` int NOT NULL,
  PRIMARY KEY (`section_id`)
) ENGINE=MyISAM AUTO_INCREMENT=6 DEFAULT CHARSET=latin1;

--
-- Dumping data for table `section`
--

INSERT INTO `section` (`section_id`, `name`, `nick_name`, `class_id`, `teacher_id`) VALUES
(3, 'First Term', 'Term 1', 2, 1),
(4, 'Second Term', '2nd', 2, 1),
(5, 'aaa', 'asdfgh', 3, 2);

-- --------------------------------------------------------

--
-- Table structure for table `settings`
--

DROP TABLE IF EXISTS `settings`;
CREATE TABLE IF NOT EXISTS `settings` (
  `settings_id` int NOT NULL AUTO_INCREMENT,
  `type` longtext CHARACTER SET utf8mb3 COLLATE utf8mb3_unicode_ci NOT NULL,
  `description` longtext CHARACTER SET utf8mb3 COLLATE utf8mb3_unicode_ci NOT NULL,
  PRIMARY KEY (`settings_id`)
) ENGINE=MyISAM AUTO_INCREMENT=124 DEFAULT CHARSET=latin1;

--
-- Dumping data for table `settings`
--

INSERT INTO `settings` (`settings_id`, `type`, `description`) VALUES
(1, 'system_name', 'Bansal Pathshala'),
(2, 'system_title', 'Bansal Pathshala'),
(3, 'address', ' 2nd floor morey sadan, opp. Bajaj KTM showroom, Nagpur, Maharashtra 440001'),
(4, 'phone', '+1564783934'),
(6, 'currency', 'INR'),
(7, 'system_email', 'payment@optimumlinkup.com'),
(11, 'language', 'english'),
(12, 'text_align', 'left-to-right'),
(16, 'skin_colour', 'blue'),
(21, 'session', '2023-2024'),
(22, 'footer', 'Bringing to you by Bansal Pathshala'),
(116, 'paypal_email', 'info@bansalpathshala.com'),
(119, 'stripe_setting', '[{\"stripe_active\":\"1\",\"testmode\":\"off\",\"secret_key\":\"test secret key\",\"public_key\":\"test public key\",\"secret_live_key\":\"live secret key\",\"public_live_key\":\"live public key\"}]'),
(122, 'paypal_setting', '[{\"paypal_active\":\"1\",\"paypal_mode\":\"sandbox\",\"sandbox_client_id\":\"client id sandbox\",\"production_client_id\":\"client - production\"}]'),
(123, 'img', 'dfg');

-- --------------------------------------------------------

--
-- Table structure for table `sms_settings`
--

DROP TABLE IF EXISTS `sms_settings`;
CREATE TABLE IF NOT EXISTS `sms_settings` (
  `sms_setting_id` int NOT NULL AUTO_INCREMENT,
  `type` longtext CHARACTER SET utf8mb3 COLLATE utf8mb3_unicode_ci NOT NULL,
  `info` longtext CHARACTER SET utf8mb3 COLLATE utf8mb3_unicode_ci NOT NULL,
  PRIMARY KEY (`sms_setting_id`)
) ENGINE=MyISAM AUTO_INCREMENT=16 DEFAULT CHARSET=latin1;

--
-- Dumping data for table `sms_settings`
--

INSERT INTO `sms_settings` (`sms_setting_id`, `type`, `info`) VALUES
(12, 'msg91_sender_id', 'sender id'),
(11, 'msg91_authentication_key', 'msg91 auth key'),
(10, 'clickatell_apikey', 'clickattel api'),
(9, 'clickatell_password', 'clickattel paasword'),
(8, 'clickatell_username', 'clickattel username'),
(13, 'msg91_route', 'route'),
(14, 'msg91_country_code', 'country code'),
(15, 'active_sms_gateway', 'msg91');

-- --------------------------------------------------------

--
-- Table structure for table `social_category`
--

DROP TABLE IF EXISTS `social_category`;
CREATE TABLE IF NOT EXISTS `social_category` (
  `social_category_id` int NOT NULL AUTO_INCREMENT,
  `name` longtext CHARACTER SET utf8mb3 COLLATE utf8mb3_unicode_ci NOT NULL,
  `colour` longtext CHARACTER SET utf8mb3 COLLATE utf8mb3_unicode_ci NOT NULL,
  `icon` longtext CHARACTER SET utf8mb3 COLLATE utf8mb3_unicode_ci NOT NULL,
  `description` longtext CHARACTER SET utf8mb3 COLLATE utf8mb3_unicode_ci NOT NULL,
  PRIMARY KEY (`social_category_id`)
) ENGINE=MyISAM AUTO_INCREMENT=5 DEFAULT CHARSET=latin1;

--
-- Dumping data for table `social_category`
--

INSERT INTO `social_category` (`social_category_id`, `name`, `colour`, `icon`, `description`) VALUES
(2, 'Romance', 'danger', 'fa-male', 'This is for romance chat room'),
(3, 'Event', 'primary', 'fa-book', 'This is for event chat room');

-- --------------------------------------------------------

--
-- Table structure for table `student`
--

DROP TABLE IF EXISTS `student`;
CREATE TABLE IF NOT EXISTS `student` (
  `student_id` int NOT NULL AUTO_INCREMENT,
  `name` longtext CHARACTER SET utf8mb3 COLLATE utf8mb3_unicode_ci NOT NULL,
  `birthday` longtext CHARACTER SET utf8mb3 COLLATE utf8mb3_unicode_ci NOT NULL,
  `age` longtext CHARACTER SET utf8mb3 COLLATE utf8mb3_unicode_ci NOT NULL,
  `place_birth` longtext CHARACTER SET utf8mb3 COLLATE utf8mb3_unicode_ci NOT NULL,
  `sex` longtext CHARACTER SET utf8mb3 COLLATE utf8mb3_unicode_ci NOT NULL,
  `m_tongue` longtext CHARACTER SET utf8mb3 COLLATE utf8mb3_unicode_ci NOT NULL,
  `religion` longtext CHARACTER SET utf8mb3 COLLATE utf8mb3_unicode_ci NOT NULL,
  `blood_group` longtext CHARACTER SET utf8mb3 COLLATE utf8mb3_unicode_ci NOT NULL,
  `address` longtext CHARACTER SET utf8mb3 COLLATE utf8mb3_unicode_ci NOT NULL,
  `city` longtext CHARACTER SET utf8mb3 COLLATE utf8mb3_unicode_ci NOT NULL,
  `state` longtext CHARACTER SET utf8mb3 COLLATE utf8mb3_unicode_ci NOT NULL,
  `nationality` longtext CHARACTER SET utf8mb3 COLLATE utf8mb3_unicode_ci NOT NULL,
  `phone` longtext CHARACTER SET utf8mb3 COLLATE utf8mb3_unicode_ci NOT NULL,
  `email` longtext CHARACTER SET utf8mb3 COLLATE utf8mb3_unicode_ci NOT NULL,
  `ps_attended` longtext CHARACTER SET utf8mb3 COLLATE utf8mb3_unicode_ci NOT NULL,
  `ps_address` longtext CHARACTER SET utf8mb3 COLLATE utf8mb3_unicode_ci NOT NULL,
  `ps_purpose` longtext CHARACTER SET utf8mb3 COLLATE utf8mb3_unicode_ci NOT NULL,
  `class_study` longtext CHARACTER SET utf8mb3 COLLATE utf8mb3_unicode_ci NOT NULL,
  `date_of_leaving` longtext CHARACTER SET utf8mb3 COLLATE utf8mb3_unicode_ci NOT NULL,
  `am_date` longtext CHARACTER SET utf8mb3 COLLATE utf8mb3_unicode_ci NOT NULL,
  `tran_cert` longtext CHARACTER SET utf8mb3 COLLATE utf8mb3_unicode_ci NOT NULL,
  `dob_cert` longtext CHARACTER SET utf8mb3 COLLATE utf8mb3_unicode_ci NOT NULL,
  `mark_join` longtext CHARACTER SET utf8mb3 COLLATE utf8mb3_unicode_ci NOT NULL,
  `physical_h` longtext CHARACTER SET utf8mb3 COLLATE utf8mb3_unicode_ci NOT NULL,
  `password` longtext CHARACTER SET utf8mb3 COLLATE utf8mb3_unicode_ci NOT NULL,
  `father_name` longtext CHARACTER SET utf8mb3 COLLATE utf8mb3_unicode_ci NOT NULL,
  `mother_name` longtext CHARACTER SET utf8mb3 COLLATE utf8mb3_unicode_ci NOT NULL,
  `class_id` longtext CHARACTER SET utf8mb3 COLLATE utf8mb3_unicode_ci NOT NULL,
  `section_id` int NOT NULL,
  `parent_id` int NOT NULL,
  `roll` longtext CHARACTER SET utf8mb3 COLLATE utf8mb3_unicode_ci NOT NULL,
  `transport_id` int NOT NULL,
  `dormitory_id` int NOT NULL,
  `house_id` int NOT NULL,
  `student_category_id` int NOT NULL,
  `club_id` int NOT NULL,
  `session` longtext CHARACTER SET utf8mb3 COLLATE utf8mb3_unicode_ci NOT NULL,
  `card_number` longtext CHARACTER SET utf8mb3 COLLATE utf8mb3_unicode_ci NOT NULL,
  `issue_date` longtext CHARACTER SET utf8mb3 COLLATE utf8mb3_unicode_ci NOT NULL,
  `expire_date` longtext CHARACTER SET utf8mb3 COLLATE utf8mb3_unicode_ci NOT NULL,
  `dormitory_room_number` longtext CHARACTER SET utf8mb3 COLLATE utf8mb3_unicode_ci NOT NULL,
  `more_entries` longtext CHARACTER SET utf8mb3 COLLATE utf8mb3_unicode_ci NOT NULL,
  `login_status` longtext CHARACTER SET utf8mb3 COLLATE utf8mb3_unicode_ci NOT NULL,
  PRIMARY KEY (`student_id`)
) ENGINE=InnoDB AUTO_INCREMENT=47 DEFAULT CHARSET=utf8mb3 COLLATE=utf8mb3_unicode_ci;

--
-- Dumping data for table `student`
--

INSERT INTO `student` (`student_id`, `name`, `birthday`, `age`, `place_birth`, `sex`, `m_tongue`, `religion`, `blood_group`, `address`, `city`, `state`, `nationality`, `phone`, `email`, `ps_attended`, `ps_address`, `ps_purpose`, `class_study`, `date_of_leaving`, `am_date`, `tran_cert`, `dob_cert`, `mark_join`, `physical_h`, `password`, `father_name`, `mother_name`, `class_id`, `section_id`, `parent_id`, `roll`, `transport_id`, `dormitory_id`, `house_id`, `student_category_id`, `club_id`, `session`, `card_number`, `issue_date`, `expire_date`, `dormitory_room_number`, `more_entries`, `login_status`) VALUES
(45, 'Testing Student', '09/30/2003', '16', 'Lagos', 'female', 'Mother Tongue', 'Muslim', 'B+', 'Address', 'City', 'Lagos', 'Canadian', '+912345667', 'ankita@student.com', 'Previous school attended', 'Previous school address', 'Purpose Of Leaving', 'Class In Which Was Studying', '2011-08-10', '2011-08-19', 'Yes', 'Yes', 'Yes', 'No', '7110eda4d09e062aa5e4a390b0a572ac0d2c0220', '', '', '2', 0, 4, '5bf8161', 0, 2, 1, 2, 1, '2019-2020', '', '', '', '', '', '1'),
(46, 'Sudipa Swarup Maity', '01/18/2022', '2', 'Nagpur', 'female', 'marathi', 'hindu', 'A', 'Nagpur\r\nMaharashtra\r\n440002', 'Nagpur', 'Maharashtra', 'rfvgf', '9359044818', 'msudi8@gmail.com', 'aaa', 'Nagpur', 'aaa', 'aaa', '2011-08-19', '2011-08-19', 'No', 'No', 'No', 'No', '7110eda4d09e062aa5e4a390b0a572ac0d2c0220', '', '', '3', 5, 4, '0b9a282', 0, 2, 1, 2, 1, '2023-2024', '', '', '', '', '', '1');

-- --------------------------------------------------------

--
-- Table structure for table `student_category`
--

DROP TABLE IF EXISTS `student_category`;
CREATE TABLE IF NOT EXISTS `student_category` (
  `student_category_id` int NOT NULL AUTO_INCREMENT,
  `name` longtext CHARACTER SET utf8mb3 COLLATE utf8mb3_unicode_ci NOT NULL,
  `description` longtext CHARACTER SET utf8mb3 COLLATE utf8mb3_unicode_ci NOT NULL,
  PRIMARY KEY (`student_category_id`)
) ENGINE=MyISAM AUTO_INCREMENT=3 DEFAULT CHARSET=latin1;

--
-- Dumping data for table `student_category`
--

INSERT INTO `student_category` (`student_category_id`, `name`, `description`) VALUES
(2, 'Boarding Student', 'This is for the boarding student.');

-- --------------------------------------------------------

--
-- Table structure for table `subject`
--

DROP TABLE IF EXISTS `subject`;
CREATE TABLE IF NOT EXISTS `subject` (
  `subject_id` int NOT NULL AUTO_INCREMENT,
  `name` longtext CHARACTER SET utf8mb3 COLLATE utf8mb3_unicode_ci NOT NULL,
  `class_id` int NOT NULL,
  `teacher_id` int NOT NULL,
  PRIMARY KEY (`subject_id`)
) ENGINE=MyISAM AUTO_INCREMENT=7 DEFAULT CHARSET=latin1;

--
-- Dumping data for table `subject`
--

INSERT INTO `subject` (`subject_id`, `name`, `class_id`, `teacher_id`) VALUES
(5, 'Economics', 2, 1),
(4, 'Mathematics', 2, 1),
(6, 'English', 2, 1);

-- --------------------------------------------------------

--
-- Table structure for table `tb_soal`
--

DROP TABLE IF EXISTS `tb_soal`;
CREATE TABLE IF NOT EXISTS `tb_soal` (
  `id_soal` int NOT NULL AUTO_INCREMENT,
  `dosen_id` int DEFAULT NULL,
  `matkul_id` int DEFAULT NULL,
  `bobot` int DEFAULT NULL,
  `file` varchar(255) CHARACTER SET utf8mb3 COLLATE utf8mb3_general_ci DEFAULT NULL,
  `tipe_file` varchar(50) CHARACTER SET utf8mb3 COLLATE utf8mb3_general_ci DEFAULT NULL,
  `soal` longtext CHARACTER SET utf8mb3 COLLATE utf8mb3_general_ci,
  `opsi_a` longtext CHARACTER SET utf8mb3 COLLATE utf8mb3_general_ci,
  `opsi_b` longtext CHARACTER SET utf8mb3 COLLATE utf8mb3_general_ci,
  `opsi_c` longtext CHARACTER SET utf8mb3 COLLATE utf8mb3_general_ci,
  `opsi_d` longtext CHARACTER SET utf8mb3 COLLATE utf8mb3_general_ci,
  `opsi_e` longtext CHARACTER SET utf8mb3 COLLATE utf8mb3_general_ci,
  `file_a` varchar(255) CHARACTER SET utf8mb3 COLLATE utf8mb3_general_ci DEFAULT NULL,
  `file_b` varchar(255) CHARACTER SET utf8mb3 COLLATE utf8mb3_general_ci DEFAULT NULL,
  `file_c` varchar(255) CHARACTER SET utf8mb3 COLLATE utf8mb3_general_ci DEFAULT NULL,
  `file_d` varchar(255) CHARACTER SET utf8mb3 COLLATE utf8mb3_general_ci DEFAULT NULL,
  `file_e` varchar(255) CHARACTER SET utf8mb3 COLLATE utf8mb3_general_ci DEFAULT NULL,
  `jawaban` varchar(5) CHARACTER SET utf8mb3 COLLATE utf8mb3_general_ci DEFAULT NULL,
  `created_on` timestamp NOT NULL DEFAULT CURRENT_TIMESTAMP,
  `updated_on` timestamp NULL DEFAULT CURRENT_TIMESTAMP,
  PRIMARY KEY (`id_soal`),
  KEY `matkul_id` (`matkul_id`),
  KEY `dosen_id` (`dosen_id`)
) ENGINE=InnoDB AUTO_INCREMENT=27 DEFAULT CHARSET=utf8mb3;

--
-- Dumping data for table `tb_soal`
--

INSERT INTO `tb_soal` (`id_soal`, `dosen_id`, `matkul_id`, `bobot`, `file`, `tipe_file`, `soal`, `opsi_a`, `opsi_b`, `opsi_c`, `opsi_d`, `opsi_e`, `file_a`, `file_b`, `file_c`, `file_d`, `file_e`, `jawaban`, `created_on`, `updated_on`) VALUES
(21, 7, 8, 10, '4bf27efcf12574cccb52c6ec3e6a391c.jpg', 'image/jpeg', '<p>Sample Question</p>', '<p>Right</p>', '<p>Wrong</p>', '<p>Wrong<br></p>', '<p>Wrong<br></p>', '<p>Wrong<br></p>', '66ba609b0fdb5be6a0f4b401eb156176.jpg', '', '', '', '', 'A', '0000-00-00 00:00:00', '0000-00-00 00:00:00');

-- --------------------------------------------------------

--
-- Table structure for table `teacher`
--

DROP TABLE IF EXISTS `teacher`;
CREATE TABLE IF NOT EXISTS `teacher` (
  `teacher_id` int NOT NULL AUTO_INCREMENT,
  `name` longtext CHARACTER SET utf8mb3 COLLATE utf8mb3_unicode_ci NOT NULL,
  `role` longtext CHARACTER SET utf8mb3 COLLATE utf8mb3_unicode_ci NOT NULL,
  `teacher_number` longtext CHARACTER SET utf8mb3 COLLATE utf8mb3_unicode_ci NOT NULL,
  `birthday` longtext CHARACTER SET utf8mb3 COLLATE utf8mb3_unicode_ci NOT NULL,
  `sex` longtext CHARACTER SET utf8mb3 COLLATE utf8mb3_unicode_ci NOT NULL,
  `religion` longtext CHARACTER SET utf8mb3 COLLATE utf8mb3_unicode_ci NOT NULL,
  `blood_group` longtext CHARACTER SET utf8mb3 COLLATE utf8mb3_unicode_ci NOT NULL,
  `address` longtext CHARACTER SET utf8mb3 COLLATE utf8mb3_unicode_ci NOT NULL,
  `phone` longtext CHARACTER SET utf8mb3 COLLATE utf8mb3_unicode_ci NOT NULL,
  `email` longtext CHARACTER SET utf8mb3 COLLATE utf8mb3_unicode_ci NOT NULL,
  `facebook` longtext CHARACTER SET utf8mb3 COLLATE utf8mb3_unicode_ci NOT NULL,
  `twitter` longtext CHARACTER SET utf8mb3 COLLATE utf8mb3_unicode_ci NOT NULL,
  `googleplus` longtext CHARACTER SET utf8mb3 COLLATE utf8mb3_unicode_ci NOT NULL,
  `linkedin` longtext CHARACTER SET utf8mb3 COLLATE utf8mb3_unicode_ci NOT NULL,
  `qualification` longtext CHARACTER SET utf8mb3 COLLATE utf8mb3_unicode_ci NOT NULL,
  `marital_status` longtext CHARACTER SET utf8mb3 COLLATE utf8mb3_unicode_ci NOT NULL,
  `file_name` longtext CHARACTER SET utf8mb3 COLLATE utf8mb3_unicode_ci NOT NULL,
  `password` longtext CHARACTER SET utf8mb3 COLLATE utf8mb3_unicode_ci NOT NULL,
  `department_id` int NOT NULL,
  `designation_id` int NOT NULL,
  `date_of_joining` longtext CHARACTER SET utf8mb3 COLLATE utf8mb3_unicode_ci NOT NULL,
  `joining_salary` longtext CHARACTER SET utf8mb3 COLLATE utf8mb3_unicode_ci NOT NULL,
  `status` int NOT NULL,
  `date_of_leaving` longtext CHARACTER SET utf8mb3 COLLATE utf8mb3_unicode_ci NOT NULL,
  `bank_id` int NOT NULL,
  `login_status` longtext CHARACTER SET utf8mb3 COLLATE utf8mb3_unicode_ci NOT NULL,
  PRIMARY KEY (`teacher_id`)
) ENGINE=InnoDB AUTO_INCREMENT=4 DEFAULT CHARSET=utf8mb3 COLLATE=utf8mb3_unicode_ci;

--
-- Dumping data for table `teacher`
--

INSERT INTO `teacher` (`teacher_id`, `name`, `role`, `teacher_number`, `birthday`, `sex`, `religion`, `blood_group`, `address`, `phone`, `email`, `facebook`, `twitter`, `googleplus`, `linkedin`, `qualification`, `marital_status`, `file_name`, `password`, `department_id`, `designation_id`, `date_of_joining`, `joining_salary`, `status`, `date_of_leaving`, `bank_id`, `login_status`) VALUES
(1, 'Testing Teacher', '1', 'f82e5cc', '2018-08-19', 'male', 'Christianity', 'B+', '546787, Kertz shopping complext, Silicon Valley, United State of America, New York city.', '+912345667', 'teacher@teacher.com', 'facebook', 'twitter', 'googleplus', 'linkedin', 'PhD', 'Married', 'profile.png', '7110eda4d09e062aa5e4a390b0a572ac0d2c0220', 2, 4, '2019-09-15', '5000', 1, '2019-09-18', 3, '1'),
(2, 'ankita rokde', '2', 'fabb241', '1995-08-19', 'female', 'hindu', 'B+', 'dighori', '8765432123', 'ankita@gmail.com', '', '', '', '', 'sdas', 'Single', 'Ankita CV.pdf', 'da54e6c92368d10baaca171faf8dad325c3542d3', 5, 14, '2024-01-01', '20000', 1, '2024-01-01', 5, ''),
(3, 'Amit', '1', '92117e1', '2018-08-19', 'male', 'ghj', 'df', 'dxfgh', '09359044818', 'amit@gmail.com', 'wsda', 'sdf', 'sdf', 'sdxf', 'sd', 'Single', 'Background-image2.jpeg', 'c8babb64262c6076e821e1ea0afc7d306ede96cb', 5, 14, '2024-11-01', '23456', 1, '2024-01-11', 6, '0');

-- --------------------------------------------------------

--
-- Table structure for table `testimonial`
--

DROP TABLE IF EXISTS `testimonial`;
CREATE TABLE IF NOT EXISTS `testimonial` (
  `id` int NOT NULL AUTO_INCREMENT,
  `name` varchar(255) NOT NULL,
  `description` varchar(255) NOT NULL,
  `scholarship_image` varchar(255) NOT NULL,
  `created_date` datetime NOT NULL DEFAULT CURRENT_TIMESTAMP,
  PRIMARY KEY (`id`)
) ENGINE=InnoDB AUTO_INCREMENT=5 DEFAULT CHARSET=utf8mb3 COLLATE=utf8mb3_unicode_ci;

--
-- Dumping data for table `testimonial`
--

INSERT INTO `testimonial` (`id`, `name`, `description`, `scholarship_image`, `created_date`) VALUES
(3, 'demo', 'Et nec tantas accusamus salutatus, sit commodo veritus te, erat fabulas has ut.\r\n                                        Rebum\r\n                                        cum laudem cum ea, accusamus salutatus, sit commodo veritus te,erat legere\r\n           ', 'team-2.jpg', '2024-01-16 14:08:16'),
(4, 'Nathan Joe', 'Et nec tantas accusamus salutatus, sit commodo veritus te, erat fabulas has ut.\r\n                                        Rebum\r\n                                        cum laudem cum ea, accusamus salutatus, sit commodo veritus te,erat legere\r\n           ', 'team-1.jpg', '2024-01-16 14:08:47');

-- --------------------------------------------------------

--
-- Table structure for table `transport`
--

DROP TABLE IF EXISTS `transport`;
CREATE TABLE IF NOT EXISTS `transport` (
  `transport_id` int NOT NULL AUTO_INCREMENT,
  `name` longtext CHARACTER SET utf8mb3 COLLATE utf8mb3_unicode_ci NOT NULL,
  `transport_route_id` int NOT NULL,
  `vehicle_id` int NOT NULL,
  `route_fare` longtext CHARACTER SET utf8mb3 COLLATE utf8mb3_unicode_ci NOT NULL,
  `description` longtext CHARACTER SET utf8mb3 COLLATE utf8mb3_unicode_ci NOT NULL,
  PRIMARY KEY (`transport_id`)
) ENGINE=MyISAM AUTO_INCREMENT=2 DEFAULT CHARSET=latin1;

-- --------------------------------------------------------

--
-- Table structure for table `transport_route`
--

DROP TABLE IF EXISTS `transport_route`;
CREATE TABLE IF NOT EXISTS `transport_route` (
  `transport_route_id` int NOT NULL AUTO_INCREMENT,
  `name` longtext CHARACTER SET utf8mb3 COLLATE utf8mb3_unicode_ci NOT NULL,
  `description` longtext CHARACTER SET utf8mb3 COLLATE utf8mb3_unicode_ci NOT NULL,
  PRIMARY KEY (`transport_route_id`)
) ENGINE=MyISAM AUTO_INCREMENT=4 DEFAULT CHARSET=latin1;

--
-- Dumping data for table `transport_route`
--

INSERT INTO `transport_route` (`transport_route_id`, `name`, `description`) VALUES
(2, 'Toronto to Usa', 'This is vehicle is going from Canada to Usa'),
(3, 'Lagos to Canada', 'This is going to Canada');

-- --------------------------------------------------------

--
-- Table structure for table `users`
--

DROP TABLE IF EXISTS `users`;
CREATE TABLE IF NOT EXISTS `users` (
  `user_id` int NOT NULL AUTO_INCREMENT,
  `user_name` varchar(255) CHARACTER SET utf8mb3 COLLATE utf8mb3_unicode_ci NOT NULL,
  `user_password` varchar(100) NOT NULL,
  `first_name` varchar(255) NOT NULL,
  `last_name` varchar(255) NOT NULL,
  `gender` varchar(10) NOT NULL,
  `user_role` int NOT NULL,
  `is_active` tinyint NOT NULL,
  `created_date` datetime NOT NULL DEFAULT CURRENT_TIMESTAMP,
  `ip_address` varchar(45) NOT NULL,
  `email` varchar(254) DEFAULT NULL,
  `activation_selector` varchar(255) DEFAULT NULL,
  `activation_code` varchar(255) DEFAULT NULL,
  `forgotten_password_selector` varchar(255) DEFAULT NULL,
  `forgotten_password_code` varchar(255) DEFAULT NULL,
  `forgotten_password_time` int UNSIGNED DEFAULT NULL,
  `remember_selector` varchar(255) DEFAULT NULL,
  `remember_code` varchar(255) DEFAULT NULL,
  `last_login` int UNSIGNED DEFAULT NULL,
  `phone` varchar(20) DEFAULT NULL,
  PRIMARY KEY (`user_id`),
  KEY `user_name` (`user_name`)
) ENGINE=InnoDB AUTO_INCREMENT=9 DEFAULT CHARSET=latin1;

--
-- Dumping data for table `users`
--

INSERT INTO `users` (`user_id`, `user_name`, `user_password`, `first_name`, `last_name`, `gender`, `user_role`, `is_active`, `created_date`, `ip_address`, `email`, `activation_selector`, `activation_code`, `forgotten_password_selector`, `forgotten_password_code`, `forgotten_password_time`, `remember_selector`, `remember_code`, `last_login`, `phone`) VALUES
(1, 'admin', '202cb962ac59075b964b07152d234b70', '', '', '', 1, 1, '2018-09-25 17:31:00', '', NULL, NULL, NULL, NULL, NULL, NULL, NULL, NULL, NULL, NULL),
(6, 'akshu', '50f20ea242c189f7dd46242e8411dc9f', 'akshu', 'm', 'female', 2, 1, '2023-11-30 10:00:06', '', NULL, NULL, NULL, NULL, NULL, NULL, NULL, NULL, NULL, NULL),
(7, 'ankita', '1138dd6fdda5d617dfe218898ee02077', 'ankita', 'rokde', 'female', 2, 1, '2023-12-19 11:21:57', '', NULL, NULL, NULL, NULL, NULL, NULL, NULL, NULL, NULL, NULL),
(8, 'sudipa', 'a7b24d715c42b8d2606c35d88b5a2954', 'sudipa', 'maity', 'female', 2, 1, '2023-12-19 13:10:07', '', NULL, NULL, NULL, NULL, NULL, NULL, NULL, NULL, NULL, NULL);

-- --------------------------------------------------------

--
-- Table structure for table `vehicle`
--

DROP TABLE IF EXISTS `vehicle`;
CREATE TABLE IF NOT EXISTS `vehicle` (
  `vehicle_id` int NOT NULL AUTO_INCREMENT,
  `name` longtext CHARACTER SET utf8mb3 COLLATE utf8mb3_unicode_ci NOT NULL,
  `vehicle_number` longtext CHARACTER SET utf8mb3 COLLATE utf8mb3_unicode_ci NOT NULL,
  `vehicle_model` longtext CHARACTER SET utf8mb3 COLLATE utf8mb3_unicode_ci NOT NULL,
  `vehicle_quantity` longtext CHARACTER SET utf8mb3 COLLATE utf8mb3_unicode_ci NOT NULL,
  `year_made` longtext CHARACTER SET utf8mb3 COLLATE utf8mb3_unicode_ci NOT NULL,
  `driver_name` longtext CHARACTER SET utf8mb3 COLLATE utf8mb3_unicode_ci NOT NULL,
  `driver_license` longtext CHARACTER SET utf8mb3 COLLATE utf8mb3_unicode_ci NOT NULL,
  `driver_contact` longtext CHARACTER SET utf8mb3 COLLATE utf8mb3_unicode_ci NOT NULL,
  `description` longtext CHARACTER SET utf8mb3 COLLATE utf8mb3_unicode_ci NOT NULL,
  `status` longtext CHARACTER SET utf8mb3 COLLATE utf8mb3_unicode_ci NOT NULL,
  PRIMARY KEY (`vehicle_id`)
) ENGINE=MyISAM AUTO_INCREMENT=3 DEFAULT CHARSET=latin1;

--
-- Dumping data for table `vehicle`
--

INSERT INTO `vehicle` (`vehicle_id`, `name`, `vehicle_number`, `vehicle_model`, `vehicle_quantity`, `year_made`, `driver_name`, `driver_license`, `driver_contact`, `description`, `status`) VALUES
(2, 'Toyota', '423', 'Camry', '2', '2019', 'Udemy Sheg', 'License', 'Contact address here', 'description here', 'available');

-- --------------------------------------------------------

--
-- Table structure for table `winners`
--

DROP TABLE IF EXISTS `winners`;
CREATE TABLE IF NOT EXISTS `winners` (
  `id` int NOT NULL AUTO_INCREMENT,
  `title` varchar(255) NOT NULL,
  `winners_img` varchar(255) NOT NULL,
  `created_date` datetime NOT NULL DEFAULT CURRENT_TIMESTAMP,
  PRIMARY KEY (`id`)
) ENGINE=InnoDB AUTO_INCREMENT=10 DEFAULT CHARSET=utf8mb3 COLLATE=utf8mb3_unicode_ci;

--
-- Dumping data for table `winners`
--

INSERT INTO `winners` (`id`, `title`, `winners_img`, `created_date`) VALUES
(8, 'JEE ADVANCED', '1.jpg', '2024-01-16 13:19:57'),
(9, 'JEE MAIN', '2.jpg', '2024-01-16 13:20:51');
COMMIT;

/*!40101 SET CHARACTER_SET_CLIENT=@OLD_CHARACTER_SET_CLIENT */;
/*!40101 SET CHARACTER_SET_RESULTS=@OLD_CHARACTER_SET_RESULTS */;
/*!40101 SET COLLATION_CONNECTION=@OLD_COLLATION_CONNECTION */;
